State,Zipcode,Recipients_Total,Grants_Total,Total,Black,White,NotHisp_Latino,Hisp_Latino,geoid,Median_Income,Below_Poverty_Percent,Below_Poverty_Total,Updated
Florida,32003,4,388781.2,28676.0,2248.0,25726.0,26761.0,1915.0,86000US32003,111651.0,3.81,1089.0,No
Florida,32008,1,19010.56,4425.0,59.0,4225.0,3997.0,428.0,86000US32008,42172.0,12.02,529.0,No
Florida,32011,1,36330.0,14509.0,567.0,13914.0,14395.0,114.0,86000US32011,71701.0,9.28,1338.0,No
Florida,32024,3,161550.52,19452.0,1083.0,17863.0,18063.0,1389.0,86000US32024,74137.0,8.35,1617.0,No
Florida,32025,3,106791.72,23416.0,5751.0,17053.0,21525.0,1891.0,86000US32025,59197.0,14.07,2665.0,No
Florida,32033,1,6860.95,4676.0,900.0,3670.0,4262.0,414.0,86000US32033,69541.0,23.57,1102.0,No
Florida,32034,11,2536967.13,36395.0,2362.0,32999.0,34256.0,2139.0,86000US32034,98304.0,9.55,3459.0,No
Florida,32038,1,2013.0,10184.0,1041.0,9119.0,9651.0,533.0,86000US32038,49238.0,16.13,1643.0,No
Florida,32043,2,72298.76,26743.0,2774.0,23472.0,24331.0,2412.0,86000US32043,76895.0,10.8,2810.0,No
Florida,32052,1,70484.59,9427.0,3945.0,5495.0,8753.0,674.0,86000US32052,52128.0,25.03,1535.0,No
Florida,32054,1,297764.0,11811.0,2379.0,9280.0,11169.0,642.0,86000US32054,53873.0,19.73,1618.0,No
Florida,32055,3,277577.13,16590.0,5496.0,10970.0,16004.0,586.0,86000US32055,55085.0,26.51,4272.0,No
Florida,32058,1,56583.1,4368.0,1023.0,3315.0,4306.0,62.0,86000US32058,45156.0,24.79,868.0,No
Florida,32060,1,232198.0,24064.0,3694.0,20195.0,21835.0,2229.0,86000US32060,56615.0,15.89,3663.0,No
Florida,32063,3,309493.0,13482.0,1586.0,11676.0,13190.0,292.0,86000US32063,75769.0,8.63,1070.0,No
Florida,32065,5,660056.72,37195.0,7296.0,27021.0,31983.0,5212.0,86000US32065,80491.0,7.97,2953.0,No
Florida,32066,3,159953.71,7420.0,1497.0,6016.0,6353.0,1067.0,86000US32066,60188.0,13.03,770.0,No
Florida,32068,3,255787.6,57305.0,4456.0,52039.0,52708.0,4597.0,86000US32068,67148.0,13.1,7470.0,No
Florida,32073,14,5812029.66,42520.0,10152.0,30072.0,36476.0,6044.0,86000US32073,70537.0,11.37,4763.0,No
Florida,32080,12,2724122.62,22261.0,216.0,21767.0,21462.0,799.0,86000US32080,94231.0,9.65,2145.0,No
Florida,32081,3,1539105.27,14856.0,258.0,13209.0,13651.0,1205.0,86000US32081,126826.0,1.33,198.0,No
Florida,32082,4,200021.19,30539.0,669.0,29358.0,29425.0,1114.0,86000US32082,139932.0,4.6,1396.0,No
Florida,32084,17,3238677.09,35761.0,5715.0,29188.0,32543.0,3218.0,86000US32084,68473.0,18.99,6525.0,No
Florida,32086,9,1797313.3,29580.0,741.0,27835.0,27670.0,1910.0,86000US32086,70106.0,9.09,2663.0,No
Florida,32091,1,10241.0,15256.0,3096.0,12175.0,14533.0,723.0,86000US32091,53381.0,24.0,3553.0,No
Florida,32092,6,1259589.5,37014.0,1988.0,33977.0,33460.0,3554.0,86000US32092,97053.0,6.23,2280.0,No
Florida,32095,1,46609.0,11800.0,577.0,10914.0,11239.0,561.0,86000US32095,105603.0,6.15,717.0,No
Florida,32096,1,10792.5,2186.0,509.0,1672.0,2093.0,93.0,86000US32096,47614.0,17.01,369.0,No
Florida,32097,3,293946.0,19030.0,2078.0,16667.0,18077.0,953.0,86000US32097,75417.0,13.52,2519.0,No
Florida,32110,2,74112.0,8267.0,949.0,7133.0,7326.0,941.0,86000US32110,47462.0,20.68,1640.0,No
Florida,32114,11,4674439.47,32847.0,16941.0,15383.0,30371.0,2476.0,86000US32114,39984.0,31.97,9647.0,No
Florida,32117,5,410378.94,26425.0,7801.0,17169.0,23771.0,2654.0,86000US32117,46098.0,21.15,5483.0,No
Florida,32118,14,3242774.69,17520.0,758.0,16289.0,16477.0,1043.0,86000US32118,60607.0,15.23,2667.0,No
Florida,32119,2,93160.0,22344.0,2773.0,18834.0,20382.0,1962.0,86000US32119,52166.0,16.89,3759.0,No
Florida,32127,8,2179296.59,30398.0,1446.0,28076.0,28122.0,2276.0,86000US32127,66180.0,15.04,4547.0,No
Florida,32128,2,2029637.0,21183.0,1182.0,19073.0,20108.0,1075.0,86000US32128,95453.0,10.08,2129.0,No
Florida,32129,2,167178.0,22185.0,1420.0,19247.0,20490.0,1695.0,86000US32129,60822.0,15.32,3396.0,No
Florida,32132,3,314839.53,7570.0,298.0,7251.0,7454.0,116.0,86000US32132,60911.0,11.66,879.0,No
Florida,32136,6,584558.51,8306.0,232.0,7934.0,7970.0,336.0,86000US32136,71014.0,10.34,859.0,No
Florida,32137,9,882935.24,43876.0,3545.0,38013.0,39397.0,4479.0,86000US32137,68711.0,12.19,5296.0,No
Florida,32148,1,5638.27,10710.0,565.0,10227.0,9506.0,1204.0,86000US32148,38611.0,27.16,2859.0,No
Florida,32159,5,526641.43,29920.0,858.0,28112.0,28296.0,1624.0,86000US32159,58492.0,10.83,3211.0,No
Florida,32162,15,8686094.22,54951.0,274.0,53812.0,54297.0,654.0,86000US32162,74226.0,4.69,2572.0,No
Florida,32163,6,1795949.63,,,,,,,,,,
Florida,32164,5,774410.03,47341.0,7449.0,37532.0,41647.0,5694.0,86000US32164,55469.0,11.75,5527.0,No
Florida,32168,7,662302.03,27679.0,1522.0,25655.0,26858.0,821.0,86000US32168,71644.0,11.9,3287.0,No
Florida,32169,1,33174.0,10228.0,45.0,10052.0,10023.0,205.0,86000US32169,90679.0,5.86,588.0,No
Florida,32174,10,1582532.72,51165.0,2473.0,47752.0,48202.0,2963.0,86000US32174,68178.0,8.46,4265.0,No
Florida,32176,5,412198.98,14460.0,398.0,13792.0,13665.0,795.0,86000US32176,64951.0,12.05,1740.0,No
Florida,32177,5,1863726.08,26845.0,7270.0,19470.0,25031.0,1814.0,86000US32177,46431.0,25.17,6624.0,No
Florida,32179,1,199024.22,7919.0,697.0,7181.0,7602.0,317.0,86000US32179,41771.0,23.13,1832.0,No
Florida,32202,15,3016385.05,6523.0,3677.0,2603.0,6188.0,335.0,86000US32202,38590.0,45.77,1748.0,No
Florida,32204,11,1958861.55,7547.0,1932.0,5007.0,7076.0,471.0,86000US32204,60809.0,26.99,1941.0,No
Florida,32205,6,2123750.74,30305.0,7841.0,22022.0,27734.0,2571.0,86000US32205,60879.0,19.14,5777.0,No
Florida,32206,5,208960.72,16027.0,11671.0,4450.0,15321.0,706.0,86000US32206,40572.0,32.98,5220.0,No
Florida,32207,19,2174536.35,35488.0,6485.0,25132.0,29725.0,5763.0,86000US32207,60315.0,19.72,6961.0,No
Florida,32208,1,2418.13,30841.0,25269.0,5673.0,30141.0,700.0,86000US32208,45093.0,23.69,7283.0,No
Florida,32210,9,1400752.67,62048.0,24782.0,34861.0,56780.0,5268.0,86000US32210,57594.0,16.68,10314.0,No
Florida,32211,3,164573.25,35657.0,14501.0,20203.0,31152.0,4505.0,86000US32211,50223.0,15.74,5560.0,No
Florida,32216,12,695973.55,38231.0,8213.0,26186.0,32535.0,5696.0,86000US32216,63803.0,20.2,7535.0,No
Florida,32217,7,425832.21,19899.0,2758.0,16190.0,17012.0,2887.0,86000US32217,67589.0,13.74,2689.0,No
Florida,32218,13,1525835.61,64007.0,33297.0,29126.0,59815.0,4192.0,86000US32218,68165.0,13.71,8628.0,No
Florida,32219,1,2895.95,12685.0,7630.0,4596.0,12380.0,305.0,86000US32219,54618.0,16.54,2068.0,No
Florida,32220,1,67838.72,12981.0,2566.0,10293.0,12705.0,276.0,86000US32220,75262.0,14.96,1929.0,No
Florida,32221,2,18879.11,30900.0,10420.0,18355.0,28624.0,2276.0,86000US32221,69423.0,12.22,3746.0,No
Florida,32222,3,26659.97,11521.0,4626.0,5965.0,9559.0,1962.0,86000US32222,66912.0,13.86,1588.0,No
Florida,32223,6,1474875.23,24571.0,946.0,22801.0,22876.0,1695.0,86000US32223,96932.0,5.84,1434.0,No
Florida,32224,9,1447638.79,44058.0,5143.0,37272.0,38175.0,5883.0,86000US32224,104324.0,7.55,3008.0,No
Florida,32225,19,2934390.02,55018.0,9174.0,42223.0,50100.0,4918.0,86000US32225,84784.0,7.17,3935.0,No
Florida,32226,1,123823.07,15667.0,2554.0,12609.0,14688.0,979.0,86000US32226,89312.0,6.11,954.0,No
Florida,32233,12,1227022.96,24979.0,3112.0,21118.0,22991.0,1988.0,86000US32233,76882.0,8.21,1883.0,No
Florida,32244,5,757694.38,59402.0,22130.0,31650.0,51589.0,7813.0,86000US32244,59779.0,15.07,8883.0,No
Florida,32246,9,1826411.69,51589.0,9157.0,35132.0,43397.0,8192.0,86000US32246,68119.0,12.3,6326.0,No
Florida,32250,13,6271212.0,27246.0,855.0,25991.0,24920.0,2326.0,86000US32250,114897.0,7.23,1951.0,No
Florida,32256,21,2700133.37,47943.0,9351.0,32869.0,42008.0,5935.0,86000US32256,82088.0,9.12,4357.0,No
Florida,32257,11,1541185.1,39000.0,5504.0,31117.0,34836.0,4164.0,86000US32257,78984.0,7.89,3047.0,No
Florida,32258,3,514626.0,34036.0,3780.0,25579.0,31297.0,2739.0,86000US32258,92795.0,6.41,2158.0,No
Florida,32259,10,2105699.98,52296.0,3059.0,46929.0,48453.0,3843.0,86000US32259,125033.0,2.87,1497.0,No
Florida,32277,6,398004.34,32327.0,14232.0,17073.0,29303.0,3024.0,86000US32277,60658.0,11.57,3621.0,No
Florida,32301,27,2417719.12,31317.0,15687.0,14941.0,29465.0,1852.0,86000US32301,55602.0,24.28,7125.0,No
Florida,32303,30,5775854.79,48507.0,17343.0,30450.0,46091.0,2416.0,86000US32303,66920.0,18.49,8924.0,No
Florida,32304,18,4286304.88,49927.0,19271.0,28461.0,45392.0,4535.0,86000US32304,30806.0,56.03,23772.0,No
Florida,32305,1,33570.67,20902.0,12337.0,8518.0,19644.0,1258.0,86000US32305,44182.0,24.45,4984.0,No
Florida,32308,4,417521.83,22029.0,5347.0,16414.0,21005.0,1024.0,86000US32308,95679.0,10.29,2186.0,No
Florida,32309,4,2215317.72,31597.0,3758.0,26066.0,29216.0,2381.0,86000US32309,97253.0,5.56,1756.0,No
Florida,32310,6,462009.62,15544.0,8210.0,6762.0,14308.0,1236.0,86000US32310,46277.0,28.16,4195.0,No
Florida,32311,4,330351.89,22264.0,6855.0,14126.0,20778.0,1486.0,86000US32311,86347.0,4.77,1014.0,No
Florida,32312,9,1330790.11,32783.0,3488.0,27172.0,31346.0,1437.0,86000US32312,114956.0,6.28,2058.0,No
Florida,32317,1,2341.0,14876.0,1974.0,12199.0,13931.0,945.0,86000US32317,101385.0,5.3,783.0,No
Florida,32320,3,1169272.45,3887.0,807.0,2961.0,3762.0,125.0,86000US32320,55000.0,16.42,633.0,No
Florida,32321,1,452026.04,6321.0,1371.0,4824.0,5929.0,392.0,86000US32321,39811.0,18.71,921.0,No
Florida,32327,1,30180.18,28525.0,4629.0,23512.0,27523.0,1002.0,86000US32327,73726.0,11.61,2911.0,No
Florida,32328,1,49717.44,3415.0,83.0,3302.0,3288.0,127.0,86000US32328,53000.0,20.33,680.0,No
Florida,32333,1,88762.16,11314.0,4866.0,6300.0,10891.0,423.0,86000US32333,59455.0,17.74,1890.0,No
Florida,32340,1,330953.42,11374.0,5127.0,6092.0,10756.0,618.0,86000US32340,49786.0,28.98,2724.0,No
Florida,32343,1,30514.0,3221.0,2844.0,344.0,3038.0,183.0,86000US32343,73571.0,4.9,157.0,No
Florida,32344,3,173223.04,12356.0,4635.0,7623.0,11875.0,481.0,86000US32344,60928.0,17.62,1798.0,No
Florida,32348,4,372700.34,12935.0,3947.0,8818.0,11894.0,1041.0,86000US32348,48750.0,21.37,1975.0,No
Florida,32350,1,291341.76,1272.0,107.0,1177.0,1164.0,108.0,86000US32350,49539.0,16.75,213.0,No
Florida,32351,3,179638.5,18720.0,10258.0,7499.0,15870.0,2850.0,86000US32351,41367.0,30.81,5023.0,No
Florida,32359,1,75069.0,1271.0,0.0,1235.0,1271.0,0.0,86000US32359,42470.0,15.74,200.0,No
Florida,32399,1,156490.75,0.0,0.0,0.0,0.0,0.0,86000US32399,N/A,N/A,N/A,No
Florida,32401,4,302306.97,22027.0,7052.0,15213.0,20795.0,1232.0,86000US32401,47665.0,25.54,5538.0,No
Florida,32404,4,423752.92,39503.0,6087.0,31360.0,36672.0,2831.0,86000US32404,67955.0,13.32,5148.0,No
Florida,32405,3,314892.16,32239.0,5026.0,26411.0,29611.0,2628.0,86000US32405,64405.0,16.89,5372.0,No
Florida,32407,5,1214315.45,10822.0,733.0,9709.0,9870.0,952.0,86000US32407,75135.0,8.79,938.0,No
Florida,32408,10,1092149.55,18864.0,853.0,17364.0,18005.0,859.0,86000US32408,79016.0,15.17,2851.0,No
Florida,32413,7,591292.68,14805.0,472.0,13546.0,13936.0,869.0,86000US32413,77177.0,7.92,1172.0,No
Florida,32421,1,53989.09,4834.0,55.0,4662.0,4709.0,125.0,86000US32421,50398.0,14.71,711.0,No
Florida,32424,1,48455.0,7514.0,2086.0,5346.0,6852.0,662.0,86000US32424,63958.0,16.55,906.0,No
Florida,32439,2,200367.57,10413.0,412.0,9180.0,9000.0,1413.0,86000US32439,66929.0,10.82,1126.0,No
Florida,32444,2,800877.95,22163.0,2081.0,19581.0,20868.0,1295.0,86000US32444,82273.0,10.16,2249.0,No
Florida,32446,2,311774.37,11115.0,2533.0,8358.0,10581.0,534.0,86000US32446,56927.0,14.34,1387.0,No
Florida,32448,1,32879.52,8405.0,3079.0,5081.0,8246.0,159.0,86000US32448,42355.0,27.83,2307.0,No
Florida,32456,1,85361.0,8036.0,1277.0,6650.0,7856.0,180.0,86000US32456,60346.0,10.59,836.0,No
Florida,32459,5,529252.58,17213.0,329.0,16578.0,16260.0,953.0,86000US32459,96987.0,6.09,1045.0,No
Florida,32460,1,130733.43,5690.0,1688.0,3902.0,5246.0,444.0,86000US32460,55425.0,15.67,537.0,No
Florida,32465,3,167549.07,7962.0,1518.0,6373.0,7446.0,516.0,86000US32465,54167.0,15.34,868.0,No
Florida,32501,4,961850.82,11134.0,6504.0,4655.0,10663.0,471.0,86000US32501,43352.0,30.84,3024.0,No
Florida,32502,20,10286784.84,3331.0,946.0,2592.0,3218.0,113.0,86000US32502,90694.0,18.25,608.0,No
Florida,32503,9,1150269.43,34233.0,10378.0,23019.0,32372.0,1861.0,86000US32503,62413.0,15.96,4687.0,No
Florida,32504,7,1711833.03,22562.0,4766.0,17696.0,21368.0,1194.0,86000US32504,71462.0,16.78,3745.0,No
Florida,32505,1,30731.25,26354.0,12242.0,13869.0,25231.0,1123.0,86000US32505,42576.0,22.81,5944.0,No
Florida,32506,4,521597.97,36664.0,7914.0,26457.0,34419.0,2245.0,86000US32506,60781.0,14.77,5391.0,No
Florida,32507,2,71992.25,31036.0,6012.0,24031.0,29397.0,1639.0,86000US32507,65768.0,13.69,4178.0,No
Florida,32514,5,457314.53,42444.0,9419.0,31292.0,38693.0,3751.0,86000US32514,59274.0,16.48,6605.0,No
Florida,32526,2,87446.24,37470.0,5962.0,30116.0,36309.0,1161.0,86000US32526,70477.0,6.0,2221.0,No
Florida,32533,1,32363.33,29713.0,5134.0,23881.0,28792.0,921.0,86000US32533,83685.0,5.27,1553.0,No
Florida,32534,3,1234319.52,14742.0,4023.0,10053.0,13725.0,1017.0,86000US32534,66546.0,13.72,2010.0,No
Florida,32536,6,539001.91,24105.0,3729.0,20201.0,21771.0,2334.0,86000US32536,81563.0,10.21,2451.0,No
Florida,32541,10,1418164.21,19066.0,718.0,16994.0,17307.0,1759.0,86000US32541,95000.0,8.43,1592.0,No
Florida,32547,5,635447.67,34330.0,5082.0,25325.0,29668.0,4662.0,86000US32547,61490.0,13.26,4503.0,No
Florida,32548,5,1821602.5,21708.0,3643.0,16799.0,19681.0,2027.0,86000US32548,69804.0,15.16,3268.0,No
Florida,32550,5,646581.73,7978.0,398.0,7245.0,7715.0,263.0,86000US32550,92813.0,8.26,653.0,No
Florida,32561,9,3038199.77,9925.0,126.0,9431.0,9574.0,351.0,86000US32561,120822.0,5.8,573.0,No
Florida,32563,1,74741.0,25912.0,823.0,24207.0,24793.0,1119.0,86000US32563,85900.0,5.86,1502.0,No
Florida,32566,7,818753.6,40232.0,3982.0,34487.0,36559.0,3673.0,86000US32566,87114.0,9.53,3823.0,No
Florida,32567,2,469069.0,3099.0,363.0,2750.0,3026.0,73.0,86000US32567,62452.0,13.52,418.0,No
Florida,32569,4,599347.97,12657.0,1526.0,10000.0,11119.0,1538.0,86000US32569,78701.0,7.75,981.0,No
Florida,32570,2,178298.99,31341.0,2788.0,27639.0,29746.0,1595.0,86000US32570,64775.0,13.79,4256.0,No
Florida,32571,8,1971823.81,35520.0,1350.0,33223.0,34063.0,1457.0,86000US32571,80223.0,8.96,3167.0,No
Florida,32578,4,377197.0,33130.0,2047.0,29475.0,31250.0,1880.0,86000US32578,103261.0,4.95,1636.0,No
Florida,32579,1,65337.0,10338.0,961.0,8583.0,9219.0,1119.0,86000US32579,93816.0,9.58,984.0,No
Florida,32583,1,192716.85,29365.0,3878.0,24637.0,27844.0,1521.0,86000US32583,67637.0,11.42,2722.0,No
Florida,32601,21,3311088.17,19363.0,4723.0,13536.0,17152.0,2211.0,86000US32601,74438.0,42.39,7652.0,No
Florida,32603,7,2819633.0,6949.0,690.0,5385.0,6066.0,883.0,86000US32603,42366.0,53.88,1978.0,No
Florida,32605,10,1257557.39,25556.0,3374.0,21447.0,22545.0,3011.0,86000US32605,94438.0,9.57,2439.0,No
Florida,32606,7,596582.63,23442.0,2394.0,18464.0,21476.0,1966.0,86000US32606,94444.0,7.11,1659.0,No
Florida,32607,8,1718086.11,30214.0,6639.0,21302.0,26115.0,4099.0,86000US32607,76472.0,31.33,9393.0,No
Florida,32608,17,3024798.6,49659.0,7916.0,34904.0,43935.0,5724.0,86000US32608,78203.0,27.26,13365.0,No
Florida,32609,6,792856.25,20105.0,8557.0,11107.0,18586.0,1519.0,86000US32609,48003.0,23.56,4492.0,No
Florida,32615,2,9535.83,13635.0,2897.0,10505.0,12599.0,1036.0,86000US32615,75217.0,12.09,1642.0,No
Florida,32618,1,80488.08,8264.0,1457.0,7042.0,8001.0,263.0,86000US32618,73425.0,12.22,1010.0,No
Florida,32625,1,90617.0,1686.0,0.0,1686.0,1686.0,0.0,86000US32625,58274.0,15.83,264.0,No
Florida,32626,2,529271.11,8782.0,992.0,7677.0,8378.0,404.0,86000US32626,39416.0,26.22,2297.0,No
Florida,32628,1,13714.0,5380.0,1338.0,4059.0,5138.0,242.0,86000US32628,47500.0,18.79,707.0,No
Florida,32640,2,109437.41,11299.0,2547.0,8639.0,10868.0,431.0,86000US32640,51419.0,16.07,1811.0,No
Florida,32641,1,29593.0,14959.0,10645.0,4390.0,14436.0,523.0,86000US32641,43961.0,27.9,4035.0,No
Florida,32643,2,78358.0,11666.0,1038.0,10507.0,10639.0,1027.0,86000US32643,72439.0,14.13,1646.0,No
Florida,32666,2,319562.77,6664.0,676.0,5967.0,6553.0,111.0,86000US32666,59250.0,17.3,1153.0,No
Florida,32667,1,20162.22,4352.0,1138.0,3342.0,4227.0,125.0,86000US32667,83400.0,12.84,558.0,No
Florida,32669,1,10761.78,14037.0,2046.0,12107.0,12951.0,1086.0,86000US32669,81813.0,7.2,1010.0,No
Florida,32696,1,160726.0,12436.0,2080.0,10364.0,10944.0,1492.0,86000US32696,60085.0,19.49,2395.0,No
Florida,32701,5,408308.25,22940.0,4771.0,16183.0,17342.0,5598.0,86000US32701,65795.0,14.59,3317.0,No
Florida,32703,8,1314978.87,53763.0,14885.0,34544.0,37542.0,16221.0,86000US32703,59069.0,15.6,8308.0,No
Florida,32704,1,8800.4,N/A,N/A,N/A,N/A,N/A,N/A,N/A,N/A,N/A,No
Florida,32707,7,855441.39,36036.0,3623.0,29402.0,25798.0,10238.0,86000US32707,66137.0,14.35,5158.0,No
Florida,32708,7,863663.98,45323.0,3231.0,38899.0,36100.0,9223.0,86000US32708,85779.0,8.17,3691.0,No
Florida,32712,6,349895.54,48151.0,7687.0,36928.0,36093.0,12058.0,86000US32712,88214.0,8.31,3981.0,No
Florida,32713,4,296188.72,20892.0,1277.0,19076.0,18388.0,2504.0,86000US32713,80923.0,9.01,1860.0,No
Florida,32714,7,3601215.11,37981.0,6668.0,29333.0,26076.0,11905.0,86000US32714,61869.0,12.01,4537.0,No
Florida,32720,15,1492905.01,32421.0,4431.0,26690.0,28292.0,4129.0,86000US32720,62601.0,13.14,4082.0,No
Florida,32724,5,209561.14,36961.0,3267.0,30982.0,30877.0,6084.0,86000US32724,65469.0,17.24,6169.0,No
Florida,32725,3,181507.28,49923.0,6413.0,38466.0,30905.0,19018.0,86000US32725,58948.0,11.0,5460.0,No
Florida,32726,10,2304459.72,22485.0,5293.0,17315.0,19202.0,3283.0,86000US32726,53389.0,19.9,4406.0,No
Florida,32732,1,97268.24,4576.0,20.0,4499.0,4530.0,46.0,86000US32732,95143.0,7.91,362.0,No
Florida,32736,3,164374.0,10848.0,338.0,10416.0,9755.0,1093.0,86000US32736,88464.0,5.78,625.0,No
Florida,32738,4,110549.84,45611.0,6778.0,35619.0,30677.0,14934.0,86000US32738,57835.0,13.88,6321.0,No
Florida,32746,19,4292899.21,45244.0,4161.0,35928.0,37845.0,7399.0,86000US32746,100412.0,6.67,2999.0,No
Florida,32750,21,2676471.03,25025.0,2107.0,21752.0,21017.0,4008.0,86000US32750,83533.0,8.75,2167.0,No
Florida,32751,18,3552795.32,22471.0,3958.0,16976.0,19399.0,3072.0,86000US32751,94779.0,12.5,2787.0,No
Florida,32757,11,1609598.19,27990.0,4622.0,22964.0,23418.0,4572.0,86000US32757,73319.0,12.71,3509.0,No
Florida,32763,4,626297.68,23277.0,1842.0,19746.0,19237.0,4040.0,86000US32763,57535.0,12.19,2793.0,No
Florida,32764,1,51636.0,3165.0,139.0,2988.0,3078.0,87.0,86000US32764,82019.0,7.27,230.0,No
Florida,32765,18,5334556.35,64268.0,6196.0,51770.0,52816.0,11452.0,86000US32765,100152.0,9.8,6209.0,No
Florida,32766,3,201144.62,16855.0,1166.0,14711.0,12961.0,3894.0,86000US32766,116994.0,5.24,879.0,No
Florida,32771,17,2128699.3,56266.0,16518.0,34634.0,46118.0,10148.0,86000US32771,72919.0,15.42,8621.0,No
Florida,32773,4,320154.29,31225.0,7755.0,20499.0,21551.0,9674.0,86000US32773,50690.0,15.59,4731.0,No
Florida,32776,2,461627.31,12029.0,962.0,10547.0,10223.0,1806.0,86000US32776,91070.0,6.31,756.0,No
Florida,32777,1,1211133.0,N/A,N/A,N/A,N/A,N/A,N/A,N/A,N/A,N/A,No
Florida,32778,1,1380.0,22454.0,3056.0,18773.0,19794.0,2660.0,86000US32778,65179.0,11.24,2423.0,No
Florida,32779,3,119583.3,29603.0,1456.0,26496.0,25507.0,4096.0,86000US32779,106607.0,6.21,1830.0,No
Florida,32780,7,799768.36,36116.0,6072.0,29495.0,34008.0,2108.0,86000US32780,63372.0,14.81,5324.0,No
Florida,32784,1,59473.09,12371.0,710.0,11454.0,11339.0,1032.0,86000US32784,64682.0,12.85,1589.0,No
Florida,32789,16,2524723.9,26483.0,2057.0,23165.0,23111.0,3372.0,86000US32789,120480.0,7.77,1939.0,No
Florida,32792,19,2346403.38,51659.0,6107.0,40689.0,37841.0,13818.0,86000US32792,72796.0,16.83,8591.0,No
Florida,32796,4,450752.33,20609.0,2560.0,17665.0,19312.0,1297.0,86000US32796,63271.0,16.42,3341.0,No
Florida,32798,1,115536.0,2882.0,142.0,2646.0,2359.0,523.0,86000US32798,71049.0,1.42,41.0,No
Florida,32801,43,20690226.93,12243.0,1076.0,10071.0,9264.0,2979.0,86000US32801,85132.0,19.74,2366.0,No
Florida,32803,32,8256237.53,20148.0,1175.0,17807.0,17089.0,3059.0,86000US32803,94286.0,8.74,1757.0,No
Florida,32804,12,1651759.79,18023.0,1364.0,15782.0,15737.0,2286.0,86000US32804,110000.0,10.33,1805.0,No
Florida,32805,11,1014884.32,18908.0,14558.0,3841.0,17178.0,1730.0,86000US32805,34597.0,27.43,5023.0,No
Florida,32806,12,1701898.16,27661.0,2007.0,24325.0,22875.0,4786.0,86000US32806,86801.0,13.67,3684.0,No
Florida,32807,13,1627062.82,34749.0,4638.0,26291.0,14111.0,20638.0,86000US32807,47782.0,18.02,6219.0,No
Florida,32808,14,2209323.58,59291.0,42640.0,11376.0,49959.0,9332.0,86000US32808,39534.0,27.19,15916.0,No
Florida,32809,27,8585575.57,29095.0,5169.0,19447.0,13312.0,15783.0,86000US32809,48875.0,20.58,5903.0,No
Florida,32810,11,9689721.04,37861.0,14125.0,20659.0,28412.0,9449.0,86000US32810,53801.0,17.57,6635.0,No
Florida,32811,9,1787252.9,41057.0,22870.0,14628.0,30973.0,10084.0,86000US32811,40608.0,21.56,8794.0,No
Florida,32812,4,101655.31,35855.0,3577.0,28800.0,22403.0,13452.0,86000US32812,65552.0,15.34,5489.0,No
Florida,32814,3,501654.25,8021.0,334.0,6854.0,6332.0,1689.0,86000US32814,154853.0,6.09,485.0,No
Florida,32817,9,420141.75,35737.0,3458.0,26208.0,24706.0,11031.0,86000US32817,76061.0,18.49,6293.0,No
Florida,32818,10,2827559.92,58198.0,39752.0,12976.0,49324.0,8874.0,86000US32818,48196.0,20.93,12098.0,No
Florida,32819,55,38980224.18,27840.0,4407.0,19709.0,22439.0,5401.0,86000US32819,84033.0,9.82,2667.0,No
Florida,32820,1,21474.0,10442.0,1596.0,8454.0,7179.0,3263.0,86000US32820,96119.0,11.14,1149.0,No
Florida,32821,18,5497391.63,17680.0,1458.0,13610.0,11968.0,5712.0,86000US32821,55613.0,11.85,2086.0,No
Florida,32822,13,1853591.16,61760.0,7216.0,49582.0,22828.0,38932.0,86000US32822,41930.0,22.81,14055.0,No
Florida,32824,5,4132486.34,46482.0,6972.0,32602.0,18152.0,28330.0,86000US32824,70311.0,9.65,4481.0,No
Florida,32825,7,744677.16,61289.0,7051.0,46384.0,31488.0,29801.0,86000US32825,64437.0,14.07,8596.0,No
Florida,32826,3,413439.66,35981.0,3392.0,30353.0,27030.0,8951.0,86000US32826,61791.0,22.3,4671.0,No
Florida,32827,8,707467.68,9427.0,578.0,7702.0,5880.0,3547.0,86000US32827,100828.0,8.2,770.0,No
Florida,32828,11,1128015.81,69497.0,10222.0,52118.0,46060.0,23437.0,86000US32828,84268.0,11.18,7748.0,No
Florida,32829,3,206287.31,20376.0,2924.0,15457.0,8798.0,11578.0,86000US32829,81549.0,6.92,1405.0,No
Florida,32830,2,14430815.0,6.0,0.0,6.0,0.0,6.0,86000US32830,N/A,0.0,0.0,No
Florida,32832,6,551728.94,27919.0,3190.0,22002.0,17364.0,10555.0,86000US32832,103342.0,6.86,1915.0,No
Florida,32835,8,1714754.52,48078.0,11082.0,29169.0,35681.0,12397.0,86000US32835,64965.0,11.49,5494.0,No
Florida,32836,11,3739735.38,20053.0,919.0,14522.0,16367.0,3686.0,86000US32836,126733.0,6.68,1339.0,No
Florida,32837,18,2638779.27,51310.0,5100.0,34068.0,26750.0,24560.0,86000US32837,66614.0,12.56,6416.0,No
Florida,32839,13,5564942.55,52886.0,23365.0,24201.0,33379.0,19507.0,86000US32839,43554.0,20.79,10313.0,No
Florida,32859,1,6201.46,N/A,N/A,N/A,N/A,N/A,N/A,N/A,N/A,N/A,No
Florida,32869,1,277571.45,N/A,N/A,N/A,N/A,N/A,N/A,N/A,N/A,N/A,No
Florida,32899,2,896010.5,N/A,N/A,N/A,N/A,N/A,N/A,N/A,N/A,N/A,No
Florida,32901,13,6183412.57,25089.0,5045.0,18638.0,22494.0,2595.0,86000US32901,50587.0,22.65,5230.0,No
Florida,32903,4,752642.0,14557.0,151.0,13973.0,13870.0,687.0,86000US32903,109077.0,6.17,896.0,No
Florida,32904,7,1938007.35,32138.0,1914.0,28072.0,28995.0,3143.0,86000US32904,80522.0,10.58,3359.0,No
Florida,32905,5,779170.36,23302.0,3837.0,18627.0,19886.0,3416.0,86000US32905,53766.0,17.68,4066.0,No
Florida,32907,1,49465.64,45037.0,9357.0,34196.0,36945.0,8092.0,86000US32907,59815.0,9.88,4422.0,No
Florida,32908,1,10758.1,13397.0,2914.0,10546.0,11001.0,2396.0,86000US32908,52981.0,15.92,2133.0,No
Florida,32920,6,548638.02,10283.0,269.0,9887.0,9834.0,449.0,86000US32920,72461.0,10.08,1030.0,No
Florida,32922,3,767697.35,16709.0,7176.0,9251.0,13637.0,3072.0,86000US32922,41491.0,28.67,4788.0,No
Florida,32926,1,432564.82,21915.0,2886.0,18403.0,20510.0,1405.0,86000US32926,62067.0,13.35,2827.0,No
Florida,32927,1,13456.0,27377.0,2981.0,25041.0,25717.0,1660.0,86000US32927,70776.0,12.13,3275.0,No
Florida,32931,17,4715279.08,13771.0,132.0,13247.0,12839.0,932.0,86000US32931,97833.0,5.86,806.0,No
Florida,32934,2,378703.28,19105.0,672.0,17251.0,17058.0,2047.0,86000US32934,101526.0,5.92,1121.0,No
Florida,32935,10,797044.26,41209.0,3933.0,36215.0,36264.0,4945.0,86000US32935,61370.0,14.99,6153.0,No
Florida,32937,11,1978787.45,27551.0,873.0,25962.0,25214.0,2337.0,86000US32937,92177.0,8.16,2244.0,No
Florida,32940,15,2065488.25,42171.0,1963.0,38102.0,37288.0,4883.0,86000US32940,89569.0,4.99,2085.0,No
Florida,32949,2,175708.5,2468.0,71.0,2379.0,2129.0,339.0,86000US32949,89028.0,3.65,90.0,No
Florida,32950,1,317874.6,4522.0,335.0,4270.0,4297.0,225.0,86000US32950,82656.0,9.5,429.0,No
Florida,32951,3,441678.5,11974.0,23.0,11714.0,11481.0,493.0,86000US32951,86532.0,5.33,638.0,No
Florida,32952,6,682362.24,20966.0,446.0,20130.0,19506.0,1460.0,86000US32952,93429.0,7.03,1462.0,No
Florida,32953,5,907198.97,23939.0,1708.0,21740.0,21721.0,2218.0,86000US32953,81617.0,12.88,3033.0,No
Florida,32955,7,1102268.16,38889.0,5198.0,32667.0,35125.0,3764.0,86000US32955,85536.0,7.04,2722.0,No
Florida,32958,8,550145.03,28617.0,1537.0,27016.0,27078.0,1539.0,86000US32958,64081.0,11.31,3236.0,No
Florida,32960,17,3518053.24,22036.0,2600.0,18768.0,19783.0,2253.0,86000US32960,60515.0,13.64,2862.0,No
Florida,32962,1,64017.0,26459.0,2506.0,23529.0,20912.0,5547.0,86000US32962,59177.0,11.3,2988.0,No
Florida,32963,6,1250952.01,15027.0,83.0,14807.0,14432.0,595.0,86000US32963,147973.0,4.05,608.0,No
Florida,32966,5,357435.74,18462.0,766.0,17332.0,16832.0,1630.0,86000US32966,66760.0,9.02,1651.0,No
Florida,32967,1,6301.0,22319.0,6000.0,16195.0,20492.0,1827.0,86000US32967,65222.0,18.38,4103.0,No
Florida,32976,1,237847.0,9092.0,0.0,9025.0,8769.0,323.0,86000US32976,45635.0,11.41,1037.0,No
Florida,33004,11,2482741.38,16082.0,4925.0,10798.0,12247.0,3835.0,86000US33004,57440.0,18.94,3014.0,No
Florida,33009,19,4995197.88,41578.0,8354.0,31632.0,26504.0,15074.0,86000US33009,46695.0,20.18,8372.0,No
Florida,33010,9,1625820.94,45246.0,1810.0,40234.0,2119.0,43127.0,86000US33010,36846.0,21.91,9826.0,No
Florida,33012,26,6697709.61,73828.0,1336.0,69970.0,2795.0,71033.0,86000US33012,38052.0,25.65,18879.0,No
Florida,33013,6,919668.19,31712.0,788.0,30376.0,1190.0,30522.0,86000US33013,46370.0,23.04,7248.0,No
Florida,33014,10,1708036.09,41924.0,1444.0,38510.0,4169.0,37755.0,86000US33014,46555.0,20.29,8494.0,No
Florida,33015,14,2037964.75,67191.0,6346.0,56290.0,9906.0,57285.0,86000US33015,57520.0,14.59,9783.0,No
Florida,33016,12,1397437.85,51700.0,1378.0,47700.0,2761.0,48939.0,86000US33016,52732.0,16.15,8328.0,No
Florida,33018,8,550224.89,53419.0,845.0,49694.0,2530.0,50889.0,86000US33018,68629.0,9.44,5039.0,No
Florida,33019,9,3042896.96,13729.0,416.0,13114.0,10117.0,3612.0,86000US33019,108832.0,8.84,1210.0,No
Florida,33020,17,2939469.76,45147.0,14414.0,30546.0,30360.0,14787.0,86000US33020,50946.0,18.56,8246.0,No
Florida,33021,28,4129716.22,49941.0,9374.0,38681.0,33058.0,16883.0,86000US33021,69468.0,9.61,4723.0,No
Florida,33023,10,427905.49,73973.0,40083.0,29641.0,50105.0,23868.0,86000US33023,54309.0,15.2,11209.0,No
Florida,33024,21,5538036.98,76508.0,14911.0,46528.0,36021.0,40487.0,86000US33024,69245.0,10.55,8056.0,No
Florida,33025,14,2034440.2,73428.0,40441.0,29598.0,50103.0,23325.0,86000US33025,66098.0,11.94,8696.0,No
Florida,33026,11,1461351.19,31891.0,4810.0,24101.0,18616.0,13275.0,86000US33026,93990.0,6.83,2171.0,No
Florida,33027,18,5405012.25,60679.0,14519.0,40205.0,32666.0,28013.0,86000US33027,82806.0,11.86,7199.0,No
Florida,33028,2,421533.0,26848.0,4642.0,19310.0,15298.0,11550.0,86000US33028,109199.0,4.35,1166.0,No
Florida,33029,8,665220.81,48161.0,8655.0,36295.0,26000.0,22161.0,86000US33029,117723.0,5.23,2513.0,No
Florida,33030,8,596464.78,35303.0,5889.0,25427.0,9822.0,25481.0,86000US33030,37761.0,28.56,9993.0,No
Florida,33031,1,170494.0,7124.0,423.0,6494.0,3180.0,3944.0,86000US33031,83239.0,5.8,413.0,No
Florida,33032,5,329683.99,50135.0,15443.0,33847.0,16975.0,33160.0,86000US33032,52833.0,19.66,9815.0,No
Florida,33033,12,963363.51,58427.0,11633.0,45778.0,15996.0,42431.0,86000US33033,47500.0,22.26,12949.0,No
Florida,33034,1,93329.0,22142.0,9105.0,12584.0,10469.0,11673.0,86000US33034,31250.0,41.48,8106.0,No
Florida,33036,1,47035.0,3496.0,7.0,3333.0,3093.0,403.0,86000US33036,93750.0,9.6,333.0,No
Florida,33037,13,4260424.65,10816.0,158.0,10431.0,8404.0,2412.0,86000US33037,74441.0,15.93,1720.0,No
Florida,33040,45,22733973.44,34471.0,4684.0,28235.0,24761.0,9710.0,86000US33040,80682.0,11.13,3732.0,No
Florida,33042,1,172124.2,6623.0,156.0,6416.0,6120.0,503.0,86000US33042,101921.0,7.06,466.0,No
Florida,33043,2,113805.83,4933.0,110.0,4785.0,4134.0,799.0,86000US33043,89125.0,11.0,535.0,No
Florida,33050,7,1258197.7,9443.0,646.0,8615.0,6200.0,3243.0,86000US33050,67708.0,11.56,1085.0,No
Florida,33051,2,163081.0,534.0,25.0,509.0,483.0,51.0,86000US33051,120875.0,0.75,4.0,No
Florida,33054,7,2090924.5,31797.0,21335.0,9149.0,21563.0,10234.0,86000US33054,33100.0,34.82,10708.0,No
Florida,33055,2,81789.96,40883.0,12577.0,26350.0,14052.0,26831.0,86000US33055,48644.0,20.44,8248.0,No
Florida,33056,2,327404.0,36110.0,29593.0,6080.0,28858.0,7252.0,86000US33056,46568.0,22.7,8153.0,No
Florida,33060,11,1016815.46,37612.0,16299.0,20694.0,29198.0,8414.0,86000US33060,48977.0,25.27,9380.0,No
Florida,33062,17,4397627.62,22692.0,705.0,21644.0,19938.0,2754.0,86000US33062,90588.0,10.5,2362.0,No
Florida,33063,11,859268.2,54707.0,14588.0,37081.0,38765.0,15942.0,86000US33063,61284.0,11.8,6420.0,No
Florida,33064,11,2136737.7,61293.0,19207.0,39869.0,46580.0,14713.0,86000US33064,57354.0,18.42,11035.0,No
Florida,33065,19,3697381.01,58171.0,19054.0,34944.0,39233.0,18938.0,86000US33065,60707.0,14.06,8134.0,No
Florida,33067,14,2860614.74,27358.0,4439.0,20766.0,21442.0,5916.0,86000US33067,124747.0,3.55,968.0,No
Florida,33068,5,480329.4,52749.0,31771.0,18406.0,39933.0,12816.0,86000US33068,54069.0,18.19,9567.0,No
Florida,33069,11,1681117.41,28138.0,12304.0,15111.0,22216.0,5922.0,86000US33069,58622.0,14.82,3725.0,No
Florida,33070,2,1271126.33,5132.0,45.0,4929.0,3884.0,1248.0,86000US33070,105547.0,4.34,217.0,No
Florida,33071,14,1969729.22,39402.0,7835.0,29722.0,27804.0,11598.0,86000US33071,100531.0,9.04,3556.0,No
Florida,33073,16,2348885.36,35378.0,6015.0,28452.0,25714.0,9664.0,86000US33073,79277.0,7.69,2678.0,No
Florida,33076,14,1710450.25,39091.0,3761.0,31257.0,30937.0,8154.0,86000US33076,142332.0,4.61,1797.0,No
Florida,33101,1,695983.79,0.0,0.0,0.0,0.0,0.0,86000US33101,N/A,N/A,N/A,No
Florida,33122,8,2914698.18,205.0,12.0,132.0,71.0,134.0,86000US33122,N/A,10.73,22.0,No
Florida,33125,9,6109666.67,61156.0,4912.0,54609.0,5195.0,55961.0,86000US33125,33606.0,29.79,17484.0,No
Florida,33126,20,9089160.56,52986.0,1261.0,50874.0,2374.0,50612.0,86000US33126,41600.0,21.54,11373.0,No
Florida,33127,42,28146756.32,31902.0,15419.0,12251.0,15245.0,16657.0,86000US33127,37716.0,31.59,9916.0,No
Florida,33128,6,1558598.28,7992.0,896.0,6996.0,734.0,7258.0,86000US33128,26481.0,32.83,2478.0,No
Florida,33129,2,453190.0,13750.0,370.0,12841.0,4361.0,9389.0,86000US33129,96176.0,12.95,1780.0,No
Florida,33130,27,21963527.56,29737.0,1588.0,26951.0,5149.0,24588.0,86000US33130,38175.0,23.89,7064.0,No
Florida,33131,34,15369611.85,18477.0,630.0,16623.0,8263.0,10214.0,86000US33131,122077.0,8.24,1522.0,No
Florida,33132,34,8957337.13,13849.0,1872.0,11083.0,6668.0,7181.0,86000US33132,100320.0,12.87,1614.0,No
Florida,33133,22,9336360.24,35592.0,3934.0,30484.0,14699.0,20893.0,86000US33133,73523.0,15.01,5330.0,No
Florida,33134,35,10446552.74,40265.0,902.0,38589.0,8437.0,31828.0,86000US33134,94786.0,10.48,4206.0,No
Florida,33135,15,3295741.06,38920.0,1416.0,37029.0,1873.0,37047.0,86000US33135,30983.0,26.12,10110.0,No
Florida,33136,8,2473549.35,15848.0,8230.0,7366.0,8297.0,7551.0,86000US33136,30618.0,37.56,5839.0,No
Florida,33137,26,11885541.63,22955.0,5144.0,16198.0,10958.0,11997.0,86000US33137,71164.0,15.65,3520.0,No
Florida,33138,19,6675083.46,30221.0,11079.0,17454.0,18502.0,11719.0,86000US33138,60076.0,16.56,4988.0,No
Florida,33139,70,51547752.82,39427.0,2315.0,28473.0,18912.0,20515.0,86000US33139,70253.0,15.45,5999.0,No
Florida,33140,7,1338135.71,19938.0,618.0,17474.0,10037.0,9901.0,86000US33140,109531.0,7.88,1554.0,No
Florida,33141,17,7705064.41,39768.0,2561.0,29047.0,13347.0,26421.0,86000US33141,57092.0,14.41,5704.0,No
Florida,33142,9,2102270.75,59073.0,21101.0,31442.0,21265.0,37808.0,86000US33142,33345.0,34.06,19866.0,No
Florida,33143,22,7700813.39,31056.0,2430.0,27109.0,12043.0,19013.0,86000US33143,101000.0,11.17,3454.0,No
Florida,33144,11,5260194.35,29344.0,1060.0,27986.0,1769.0,27575.0,86000US33144,52059.0,12.5,3656.0,No
Florida,33145,14,3237790.67,30713.0,1189.0,28608.0,4939.0,25774.0,86000US33145,60873.0,12.04,3686.0,No
Florida,33146,9,2353953.71,16473.0,892.0,14991.0,8768.0,7705.0,86000US33146,177067.0,7.91,931.0,No
Florida,33147,5,359801.7,47811.0,29315.0,14856.0,28412.0,19399.0,86000US33147,36743.0,28.77,13687.0,No
Florida,33149,6,1618459.75,12943.0,116.0,12624.0,3962.0,8981.0,86000US33149,180640.0,4.89,633.0,No
Florida,33150,6,915566.32,29652.0,22321.0,4932.0,22625.0,7027.0,86000US33150,36719.0,29.91,8775.0,No
Florida,33154,6,1600216.38,14634.0,416.0,12752.0,8301.0,6333.0,86000US33154,100589.0,11.59,1696.0,No
Florida,33155,16,5957596.28,46617.0,1392.0,44832.0,7022.0,39595.0,86000US33155,76987.0,12.74,5902.0,No
Florida,33156,22,8420958.33,33514.0,1146.0,30205.0,15318.0,18196.0,86000US33156,155366.0,7.63,2555.0,No
Florida,33157,17,2270015.77,67455.0,14614.0,48995.0,31487.0,35968.0,86000US33157,70447.0,13.67,9155.0,No
Florida,33158,2,297240.5,6469.0,345.0,5802.0,4200.0,2269.0,86000US33158,184712.0,1.96,127.0,No
Florida,33160,16,9243738.7,39615.0,2143.0,35906.0,21196.0,18419.0,86000US33160,77376.0,11.82,4668.0,No
Florida,33161,6,522929.6,56130.0,35970.0,17488.0,41209.0,14921.0,86000US33161,43391.0,23.12,12525.0,No
Florida,33162,11,1372427.1,47123.0,25884.0,18089.0,33844.0,13279.0,86000US33162,48996.0,16.93,7936.0,No
Florida,33165,21,2777603.77,55822.0,1062.0,53682.0,5101.0,50721.0,86000US33165,61366.0,14.03,7804.0,No
Florida,33166,26,5548638.38,24346.0,1211.0,22007.0,5579.0,18767.0,86000US33166,59189.0,12.49,2810.0,No
Florida,33167,2,312040.08,20582.0,13877.0,5672.0,13518.0,7064.0,86000US33167,43498.0,21.06,4334.0,No
Florida,33168,1,240823.08,27414.0,19240.0,7224.0,20507.0,6907.0,86000US33168,49428.0,16.34,4415.0,No
Florida,33169,6,223188.77,41626.0,34004.0,6524.0,36146.0,5480.0,86000US33169,50124.0,17.77,7336.0,No
Florida,33170,2,335175.47,14121.0,4473.0,9367.0,6199.0,7922.0,86000US33170,44654.0,21.79,3049.0,No
Florida,33172,28,15544242.79,43356.0,783.0,41155.0,2915.0,40441.0,86000US33172,51775.0,12.69,5492.0,No
Florida,33173,10,1225548.78,33089.0,330.0,29816.0,6679.0,26410.0,86000US33173,80685.0,10.68,3499.0,No
Florida,33174,22,5787050.28,34403.0,1703.0,31258.0,4434.0,29969.0,86000US33174,59488.0,14.18,4475.0,No
Florida,33175,11,1625459.29,53348.0,750.0,51621.0,4001.0,49347.0,86000US33175,62779.0,12.41,6604.0,No
Florida,33176,18,5765326.13,52288.0,8937.0,41001.0,19584.0,32704.0,86000US33176,88375.0,9.12,4744.0,No
Florida,33177,13,1571383.41,57526.0,7192.0,46589.0,13060.0,44466.0,86000US33177,62131.0,12.74,7138.0,No
Florida,33178,26,5796026.08,52206.0,1411.0,48770.0,7831.0,44375.0,86000US33178,80114.0,13.02,6791.0,No
Florida,33179,7,1264625.57,44341.0,18749.0,23774.0,28089.0,16252.0,86000US33179,58475.0,11.48,5068.0,No
Florida,33180,31,9548974.37,32441.0,1019.0,30689.0,19751.0,12690.0,86000US33180,100599.0,8.09,2605.0,No
Florida,33181,14,3061657.56,20111.0,6841.0,12442.0,11303.0,8808.0,86000US33181,54375.0,15.86,3131.0,No
Florida,33183,6,2656302.36,36725.0,1033.0,34466.0,4979.0,31746.0,86000US33183,65737.0,13.34,4881.0,No
Florida,33184,8,667520.29,21785.0,443.0,21031.0,1270.0,20515.0,86000US33184,60990.0,10.13,2207.0,No
Florida,33185,4,513842.14,31359.0,555.0,28268.0,3029.0,28330.0,86000US33185,89825.0,7.48,2341.0,No
Florida,33186,33,9151141.48,68581.0,4397.0,59756.0,22157.0,46424.0,86000US33186,73533.0,11.73,8017.0,No
Florida,33187,2,26282.0,19392.0,1814.0,16340.0,5154.0,14238.0,86000US33187,82485.0,8.05,1557.0,No
Florida,33189,9,1129046.58,25298.0,4564.0,19046.0,9710.0,15588.0,86000US33189,66635.0,11.17,2818.0,No
Florida,33193,5,689930.6,49999.0,1221.0,46426.0,5347.0,44652.0,86000US33193,64294.0,13.57,6761.0,No
Florida,33196,10,1713171.52,53047.0,3218.0,43587.0,10709.0,42338.0,86000US33196,80442.0,9.34,4952.0,No
Florida,33301,20,12698277.69,14988.0,1449.0,13127.0,12744.0,2244.0,86000US33301,147589.0,5.2,739.0,No
Florida,33304,14,4849666.21,18351.0,3547.0,14255.0,15185.0,3166.0,86000US33304,80788.0,16.52,3025.0,No
Florida,33305,12,4529955.54,12222.0,670.0,11103.0,10890.0,1332.0,86000US33305,126193.0,7.34,888.0,No
Florida,33306,2,297237.47,3124.0,74.0,2930.0,2737.0,387.0,86000US33306,108452.0,6.43,201.0,No
Florida,33308,22,4295234.4,27294.0,821.0,25478.0,23155.0,4139.0,86000US33308,98188.0,7.55,2043.0,No
Florida,33309,18,3562614.31,40844.0,18956.0,20175.0,31208.0,9636.0,86000US33309,57943.0,17.37,7044.0,No
Florida,33311,10,587253.93,76073.0,64327.0,10715.0,71587.0,4486.0,86000US33311,41071.0,30.56,23019.0,No
Florida,33312,22,5643004.34,55298.0,17501.0,34083.0,37564.0,17734.0,86000US33312,60772.0,15.82,8618.0,No
Florida,33313,14,1993781.13,62842.0,50026.0,10972.0,56661.0,6181.0,86000US33313,44563.0,20.55,12786.0,No
Florida,33314,12,2773899.78,27261.0,4081.0,18231.0,13846.0,13415.0,86000US33314,53950.0,19.55,5105.0,No
Florida,33315,2,540796.19,13801.0,956.0,11989.0,10549.0,3252.0,86000US33315,85047.0,13.32,1831.0,No
Florida,33316,18,6165030.01,9736.0,947.0,8323.0,8125.0,1611.0,86000US33316,106201.0,12.69,1210.0,No
Florida,33317,13,5999694.66,38427.0,10854.0,25078.0,25966.0,12461.0,86000US33317,76221.0,14.65,5616.0,No
Florida,33319,6,3894929.28,46786.0,29216.0,16329.0,38536.0,8250.0,86000US33319,54466.0,14.6,6804.0,No
Florida,33321,12,950585.86,47413.0,13127.0,31163.0,32408.0,15005.0,86000US33321,58972.0,11.81,5560.0,No
Florida,33322,11,3037059.29,39097.0,8282.0,28167.0,25930.0,13167.0,86000US33322,73510.0,10.48,4093.0,No
Florida,33323,24,8884952.75,21651.0,4251.0,16051.0,14191.0,7460.0,86000US33323,103806.0,3.4,734.0,No
Florida,33324,29,10097190.64,49045.0,8533.0,36510.0,33979.0,15066.0,86000US33324,76828.0,9.44,4619.0,No
Florida,33325,6,339289.55,29369.0,2323.0,24453.0,16757.0,12612.0,86000US33325,89604.0,7.47,2191.0,No
Florida,33326,15,3772654.3,33155.0,2042.0,28439.0,15810.0,17345.0,86000US33326,101440.0,6.85,2269.0,No
Florida,33327,2,1171849.73,23811.0,829.0,20829.0,10820.0,12991.0,86000US33327,120806.0,7.4,1762.0,No
Florida,33328,16,3790251.81,29626.0,2171.0,24197.0,21741.0,7885.0,86000US33328,108851.0,8.42,2474.0,No
Florida,33330,8,1148087.07,15793.0,1465.0,12399.0,10394.0,5399.0,86000US33330,143066.0,5.85,921.0,No
Florida,33331,5,731491.36,25718.0,2350.0,21488.0,15044.0,10674.0,86000US33331,127193.0,3.38,869.0,No
Florida,33332,1,27633.02,11622.0,849.0,9781.0,6157.0,5465.0,86000US33332,148153.0,3.9,452.0,No
Florida,33334,9,1599062.08,29494.0,5144.0,22653.0,19751.0,9743.0,86000US33334,61776.0,17.15,5051.0,No
Florida,33351,17,3307331.55,35769.0,15047.0,18662.0,25348.0,10421.0,86000US33351,65297.0,12.47,4385.0,No
Florida,33388,5,601530.38,N/A,N/A,N/A,N/A,N/A,N/A,N/A,N/A,N/A,No
Florida,33401,33,9541990.7,28687.0,11538.0,16045.0,24124.0,4563.0,86000US33401,65106.0,17.3,4674.0,No
Florida,33403,6,633404.4,12794.0,6212.0,6569.0,11591.0,1203.0,86000US33403,67172.0,14.69,1877.0,No
Florida,33404,5,291016.43,29339.0,20880.0,8352.0,28020.0,1319.0,86000US33404,49577.0,23.93,6994.0,No
Florida,33405,11,1604250.15,20633.0,1458.0,18217.0,9242.0,11391.0,86000US33405,69838.0,19.31,3971.0,No
Florida,33407,7,1176552.07,31551.0,19584.0,10376.0,26060.0,5491.0,86000US33407,50842.0,23.3,7245.0,No
Florida,33408,9,1553021.4,18207.0,491.0,17169.0,16426.0,1781.0,86000US33408,111875.0,6.34,1155.0,No
Florida,33409,14,1091473.95,33212.0,12732.0,18243.0,21920.0,11292.0,86000US33409,50200.0,20.36,6597.0,No
Florida,33410,11,1833632.82,35089.0,2179.0,30851.0,30482.0,4607.0,86000US33410,101540.0,7.71,2673.0,No
Florida,33411,17,6565752.93,72546.0,17854.0,49984.0,56716.0,15830.0,86000US33411,87086.0,7.38,5273.0,No
Florida,33413,6,1361110.73,17487.0,5381.0,11391.0,11253.0,6234.0,86000US33413,68909.0,10.08,1757.0,No
Florida,33414,12,1848768.16,61323.0,9431.0,48585.0,45633.0,15690.0,86000US33414,96694.0,6.93,4241.0,No
Florida,33415,8,959303.32,51791.0,11489.0,38392.0,23137.0,28654.0,86000US33415,49070.0,19.52,10012.0,No
Florida,33417,5,1004808.89,33743.0,12917.0,20154.0,24458.0,9285.0,86000US33417,49123.0,20.62,6937.0,No
Florida,33418,5,402236.2,40926.0,2925.0,35956.0,36294.0,4632.0,86000US33418,117151.0,6.04,2452.0,No
Florida,33426,17,5013169.27,23866.0,4824.0,18260.0,19560.0,4306.0,86000US33426,67447.0,8.89,2108.0,No
Florida,33428,5,594268.0,41441.0,3289.0,35826.0,31970.0,9471.0,86000US33428,83680.0,10.39,4292.0,No
Florida,33431,23,9206121.06,21610.0,1460.0,18865.0,18106.0,3504.0,86000US33431,116021.0,8.5,1602.0,No
Florida,33432,18,6566399.33,20487.0,1154.0,18284.0,17519.0,2968.0,86000US33432,111719.0,10.7,2192.0,No
Florida,33433,12,2059546.09,40257.0,1176.0,36011.0,33398.0,6859.0,86000US33433,88015.0,8.38,3323.0,No
Florida,33434,5,755341.5,20486.0,836.0,18143.0,17665.0,2821.0,86000US33434,98813.0,6.63,1356.0,No
Florida,33435,13,3381260.18,36166.0,14216.0,20774.0,31331.0,4835.0,86000US33435,62492.0,16.95,6100.0,No
Florida,33436,4,360128.9,44489.0,10428.0,32031.0,36490.0,7999.0,86000US33436,74680.0,9.42,4163.0,No
Florida,33437,4,520825.62,38152.0,4857.0,32881.0,34445.0,3707.0,86000US33437,79953.0,5.79,2201.0,No
Florida,33440,7,607054.99,19761.0,3889.0,14472.0,9832.0,9929.0,86000US33440,48678.0,28.65,5628.0,No
Florida,33441,11,1444855.83,27323.0,9203.0,16832.0,23620.0,3703.0,86000US33441,55036.0,16.55,4506.0,No
Florida,33442,13,2141855.19,28964.0,3111.0,24742.0,23710.0,5254.0,86000US33442,65732.0,10.77,3093.0,No
Florida,33444,8,1694553.17,24597.0,11742.0,11579.0,21906.0,2691.0,86000US33444,61806.0,15.11,3697.0,No
Florida,33445,5,3581456.15,31703.0,7973.0,22251.0,27956.0,3747.0,86000US33445,70997.0,10.23,3216.0,No
Florida,33446,5,1579330.53,26006.0,1079.0,23487.0,23147.0,2859.0,86000US33446,86661.0,9.62,2501.0,No
Florida,33455,2,105963.43,22200.0,1470.0,20168.0,20913.0,1287.0,86000US33455,79258.0,10.48,2303.0,No
Florida,33458,13,1248805.28,58714.0,2734.0,52728.0,48550.0,10164.0,86000US33458,104681.0,8.62,5007.0,No
Florida,33460,12,1314796.39,32573.0,6583.0,24435.0,17535.0,15038.0,86000US33460,46700.0,24.2,7747.0,No
Florida,33461,6,747789.56,47735.0,9906.0,35371.0,22403.0,25332.0,86000US33461,47457.0,19.75,9374.0,No
Florida,33462,6,866955.02,33241.0,7021.0,25354.0,24674.0,8567.0,86000US33462,63067.0,14.43,4758.0,No
Florida,33463,9,1590731.67,63577.0,18451.0,40076.0,41861.0,21716.0,86000US33463,58693.0,14.42,9096.0,No
Florida,33467,12,1503507.67,54261.0,5422.0,46479.0,43415.0,10846.0,86000US33467,88627.0,6.86,3718.0,No
Florida,33469,8,5050085.12,14924.0,107.0,14413.0,13850.0,1074.0,86000US33469,105817.0,6.34,945.0,No
Florida,33470,2,80755.0,27317.0,3406.0,22872.0,20689.0,6628.0,86000US33470,94490.0,9.78,2668.0,No
Florida,33471,2,62028.03,6866.0,1688.0,5118.0,5173.0,1693.0,86000US33471,50972.0,20.63,1164.0,No
Florida,33472,5,300761.02,,,,,,,,,,
Florida,33477,4,916368.33,12608.0,150.0,12285.0,11868.0,740.0,86000US33477,112944.0,6.38,803.0,No
Florida,33478,1,25778.0,14067.0,219.0,13655.0,12808.0,1259.0,86000US33478,115594.0,3.42,480.0,No
Florida,33480,3,3074006.85,10031.0,90.0,9589.0,9513.0,518.0,86000US33480,193750.0,5.81,583.0,No
Florida,33483,12,2296652.14,12703.0,722.0,11811.0,12240.0,463.0,86000US33483,121838.0,7.93,1005.0,No
Florida,33484,6,757882.42,26299.0,2128.0,23315.0,23870.0,2429.0,86000US33484,63219.0,8.45,2189.0,No
Florida,33486,4,393869.79,23325.0,1035.0,20110.0,19756.0,3569.0,86000US33486,112719.0,11.55,2660.0,No
Florida,33487,9,3015448.16,20677.0,844.0,18789.0,18180.0,2497.0,86000US33487,98919.0,7.67,1585.0,No
Florida,33496,9,1495571.15,22530.0,712.0,20759.0,19394.0,3136.0,86000US33496,136283.0,6.3,1416.0,No
Florida,33498,2,166980.0,15150.0,370.0,13370.0,12600.0,2550.0,86000US33498,121316.0,4.95,749.0,No
Florida,33510,2,79151.83,29574.0,5784.0,21314.0,21386.0,8188.0,86000US33510,66282.0,10.77,3159.0,No
Florida,33511,23,4627677.12,58833.0,11627.0,43145.0,43448.0,15385.0,86000US33511,66996.0,10.48,6100.0,No
Florida,33513,2,80086.79,12713.0,1321.0,10923.0,11021.0,1692.0,86000US33513,48199.0,15.97,1669.0,No
Florida,33523,1,58965.08,18835.0,2049.0,16345.0,14080.0,4755.0,86000US33523,54123.0,16.47,3075.0,No
Florida,33525,3,306864.98,20576.0,1563.0,18285.0,17368.0,3208.0,86000US33525,62439.0,15.47,2976.0,No
Florida,33527,1,71776.0,15092.0,791.0,12800.0,10597.0,4495.0,86000US33527,73136.0,21.55,3242.0,No
Florida,33534,4,601044.94,17123.0,3290.0,12377.0,10972.0,6151.0,86000US33534,64640.0,19.92,3396.0,No
Florida,33538,1,42826.0,4728.0,54.0,4574.0,4556.0,172.0,86000US33538,49648.0,17.75,836.0,No
Florida,33541,1,236263.0,21612.0,1854.0,19004.0,19412.0,2200.0,86000US33541,51066.0,17.17,3593.0,No
Florida,33542,4,233153.99,22057.0,991.0,20546.0,18920.0,3137.0,86000US33542,45793.0,18.25,3968.0,No
Florida,33543,9,5706142.74,28156.0,3434.0,22496.0,22021.0,6135.0,86000US33543,93199.0,8.21,2303.0,No
Florida,33544,9,1832846.94,28187.0,2884.0,23665.0,21939.0,6248.0,86000US33544,89679.0,5.18,1447.0,No
Florida,33545,4,262311.3,,,,,,,,,,
Florida,33547,5,543485.46,25907.0,1792.0,22925.0,22414.0,3493.0,86000US33547,118833.0,6.01,1542.0,No
Florida,33549,3,290617.68,17998.0,1192.0,15257.0,14642.0,3356.0,86000US33549,88082.0,7.3,1306.0,No
Florida,33556,3,439836.05,23182.0,1623.0,20179.0,20263.0,2919.0,86000US33556,116552.0,4.51,1045.0,No
Florida,33558,6,1049352.61,24248.0,1596.0,21301.0,19569.0,4679.0,86000US33558,112988.0,4.64,1122.0,No
Florida,33559,4,265775.17,18473.0,2587.0,14596.0,14786.0,3687.0,86000US33559,81485.0,11.28,2066.0,No
Florida,33563,10,955144.0,28033.0,5396.0,19071.0,17416.0,10617.0,86000US33563,53672.0,18.11,5042.0,No
Florida,33565,1,65708.0,17864.0,426.0,16107.0,14247.0,3617.0,86000US33565,63750.0,15.91,2829.0,No
Florida,33566,1,132757.5,21505.0,1007.0,18809.0,15322.0,6183.0,86000US33566,76492.0,11.21,2394.0,No
Florida,33569,6,1463886.15,28442.0,4373.0,21533.0,22214.0,6228.0,86000US33569,81926.0,9.66,2733.0,No
Florida,33570,5,411021.02,29967.0,4211.0,20654.0,18017.0,11950.0,86000US33570,59730.0,18.83,5616.0,No
Florida,33572,5,650391.5,20380.0,1635.0,17290.0,17257.0,3123.0,86000US33572,104277.0,6.52,1327.0,No
Florida,33573,5,511689.65,23170.0,1802.0,20946.0,21625.0,1545.0,86000US33573,68279.0,8.55,1949.0,No
Florida,33578,19,2750769.33,,,,,,,,,,
Florida,33579,4,816058.53,,,,,,,,,,
Florida,33584,5,807295.18,26798.0,4373.0,21262.0,20910.0,5888.0,86000US33584,72113.0,14.85,3949.0,No
Florida,33592,1,290095.0,11546.0,1731.0,9673.0,10386.0,1160.0,86000US33592,55292.0,17.1,1957.0,No
Florida,33594,5,391105.06,34941.0,4685.0,27637.0,26619.0,8322.0,86000US33594,74306.0,8.68,3029.0,No
Florida,33596,3,383190.37,,,,,,,,,,
Florida,33602,45,12946099.39,15586.0,3059.0,11735.0,12528.0,3058.0,86000US33602,118676.0,16.87,2610.0,No
Florida,33603,12,1413259.87,21366.0,6132.0,14735.0,14609.0,6757.0,86000US33603,58554.0,24.46,5196.0,No
Florida,33604,10,1209189.97,39604.0,11143.0,27734.0,23326.0,16278.0,86000US33604,50730.0,22.23,8744.0,No
Florida,33605,24,5337282.6,17655.0,10047.0,7459.0,12772.0,4883.0,86000US33605,30842.0,36.32,6361.0,No
Florida,33606,14,4915726.37,20576.0,1468.0,18239.0,17870.0,2706.0,86000US33606,129766.0,10.91,1872.0,No
Florida,33607,25,8220945.24,24384.0,6613.0,16357.0,12949.0,11435.0,86000US33607,54605.0,22.32,5435.0,No
Florida,33608,1,417671.0,N/A,N/A,N/A,N/A,N/A,N/A,N/A,N/A,N/A,No
Florida,33609,10,3200052.54,18367.0,814.0,16480.0,13493.0,4874.0,86000US33609,110109.0,12.64,2318.0,No
Florida,33610,9,2170344.32,46799.0,27571.0,17696.0,36923.0,9876.0,86000US33610,42122.0,25.65,11885.0,No
Florida,33611,9,3689994.03,33070.0,2510.0,28751.0,27555.0,5515.0,86000US33611,97317.0,9.15,2998.0,No
Florida,33612,27,5179812.6,51745.0,17917.0,30746.0,32357.0,19388.0,86000US33612,41617.0,29.72,15267.0,No
Florida,33613,5,840144.79,36270.0,7643.0,24420.0,24132.0,12138.0,86000US33613,44956.0,29.3,10389.0,No
Florida,33614,12,2075653.86,49060.0,7487.0,38273.0,16302.0,32758.0,86000US33614,44049.0,19.6,9495.0,No
Florida,33615,8,1236229.4,47512.0,5778.0,38073.0,22954.0,24558.0,86000US33615,55415.0,14.62,6912.0,No
Florida,33617,15,2857849.8,47441.0,19137.0,26198.0,35550.0,11891.0,86000US33617,45611.0,23.32,10858.0,No
Florida,33618,18,2773328.88,27352.0,2327.0,23178.0,19676.0,7676.0,86000US33618,96310.0,6.87,1865.0,No
Florida,33619,15,2946672.09,40092.0,16422.0,20308.0,25543.0,14549.0,86000US33619,44698.0,21.52,8072.0,No
Florida,33624,6,314257.73,39803.0,4090.0,33066.0,25981.0,13822.0,86000US33624,80283.0,7.85,3109.0,No
Florida,33625,8,1076101.64,27305.0,3785.0,21846.0,18117.0,9188.0,86000US33625,75513.0,10.85,2960.0,No
Florida,33626,6,778819.33,30743.0,1547.0,25786.0,25226.0,5517.0,86000US33626,123539.0,4.1,1260.0,No
Florida,33629,16,3156218.29,27061.0,476.0,25553.0,23926.0,3135.0,86000US33629,163491.0,4.55,1226.0,No
Florida,33634,8,1240883.73,22719.0,4057.0,17188.0,11092.0,11627.0,86000US33634,62564.0,16.58,3762.0,No
Florida,33635,5,292257.75,18650.0,1718.0,15304.0,12608.0,6042.0,86000US33635,74282.0,16.61,3096.0,No
Florida,33637,2,210909.57,17555.0,4717.0,11695.0,13798.0,3757.0,86000US33637,61167.0,15.43,2702.0,No
Florida,33647,23,5447459.22,71004.0,13306.0,46216.0,59158.0,11846.0,86000US33647,106075.0,8.34,5903.0,No
Florida,33701,33,6913759.59,15728.0,2985.0,12834.0,14498.0,1230.0,86000US33701,90878.0,17.16,2545.0,No
Florida,33702,6,2413785.66,32019.0,3846.0,26898.0,29479.0,2540.0,86000US33702,73283.0,10.81,3409.0,No
Florida,33703,7,222800.25,25699.0,1278.0,23662.0,23397.0,2302.0,86000US33703,97596.0,7.55,1929.0,No
Florida,33704,3,1583984.4,16982.0,618.0,16105.0,15809.0,1173.0,86000US33704,124757.0,7.13,1203.0,No
Florida,33705,9,1407926.23,28857.0,15943.0,12758.0,27394.0,1463.0,86000US33705,65873.0,22.72,6485.0,No
Florida,33706,11,2174070.48,16321.0,218.0,15595.0,15428.0,893.0,86000US33706,102708.0,6.58,1073.0,No
Florida,33707,10,1381096.36,24767.0,2072.0,22270.0,23149.0,1618.0,86000US33707,69233.0,10.92,2655.0,No
Florida,33708,8,1327043.35,16083.0,268.0,15547.0,15137.0,946.0,86000US33708,83996.0,9.38,1507.0,No
Florida,33709,4,842061.14,24619.0,1565.0,21002.0,22122.0,2497.0,86000US33709,56933.0,14.68,3533.0,No
Florida,33710,16,2701388.73,34222.0,2802.0,30616.0,30558.0,3664.0,86000US33710,77995.0,8.65,2935.0,No
Florida,33711,3,125552.93,19706.0,10460.0,8973.0,18536.0,1170.0,86000US33711,60061.0,17.2,3102.0,No
Florida,33712,6,420774.42,24738.0,17264.0,7113.0,23686.0,1052.0,86000US33712,55407.0,19.29,4710.0,No
Florida,33713,10,1457718.59,32348.0,3688.0,25481.0,28840.0,3508.0,86000US33713,69638.0,13.17,4227.0,No
Florida,33714,4,565885.09,21866.0,3443.0,16845.0,19591.0,2275.0,86000US33714,44471.0,22.87,4978.0,No
Florida,33715,4,470257.8,7296.0,65.0,7114.0,6985.0,311.0,86000US33715,105607.0,5.25,383.0,No
Florida,33716,10,2420459.17,18242.0,3309.0,13883.0,15939.0,2303.0,86000US33716,79207.0,13.93,2498.0,No
Florida,33755,11,649069.07,26616.0,6782.0,18999.0,20648.0,5968.0,86000US33755,45884.0,23.76,6300.0,No
Florida,33756,5,503574.69,33971.0,4981.0,28038.0,28410.0,5561.0,86000US33756,61314.0,18.39,6124.0,No
Florida,33759,7,690878.04,18236.0,1457.0,16347.0,15072.0,3164.0,86000US33759,75554.0,10.78,1927.0,No
Florida,33760,2,183787.0,17336.0,3175.0,12634.0,14081.0,3255.0,86000US33760,55985.0,18.91,3191.0,No
Florida,33761,12,1767296.76,19794.0,728.0,18236.0,18098.0,1696.0,86000US33761,77270.0,8.32,1636.0,No
Florida,33762,7,2237529.18,8355.0,1164.0,6768.0,7547.0,808.0,86000US33762,98681.0,14.39,906.0,No
Florida,33763,5,624946.0,19730.0,1080.0,18136.0,16828.0,2902.0,86000US33763,61490.0,11.3,2209.0,No
Florida,33764,5,520837.89,27320.0,1435.0,24653.0,25141.0,2179.0,86000US33764,74711.0,9.79,2656.0,No
Florida,33765,6,455403.33,14744.0,1433.0,12735.0,11330.0,3414.0,86000US33765,66250.0,15.07,2199.0,No
Florida,33767,5,1668421.32,7452.0,147.0,7075.0,7092.0,360.0,86000US33767,110833.0,11.04,823.0,No
Florida,33770,10,1668461.82,26627.0,1956.0,24147.0,24323.0,2304.0,86000US33770,62366.0,14.05,3716.0,No
Florida,33771,5,323380.83,30365.0,2009.0,27573.0,25427.0,4938.0,86000US33771,52327.0,11.32,3361.0,No
Florida,33772,2,346443.0,23125.0,697.0,21861.0,21137.0,1988.0,86000US33772,71237.0,9.37,2133.0,No
Florida,33773,4,457955.29,17595.0,627.0,15302.0,16453.0,1142.0,86000US33773,74461.0,10.45,1820.0,No
Florida,33774,4,126456.35,18097.0,1695.0,16279.0,17065.0,1032.0,86000US33774,70613.0,13.28,2391.0,No
Florida,33776,2,101783.0,13573.0,291.0,12949.0,13053.0,520.0,86000US33776,95840.0,3.17,429.0,No
Florida,33777,3,201270.0,16748.0,929.0,15481.0,15672.0,1076.0,86000US33777,85602.0,8.45,1387.0,No
Florida,33778,3,441517.13,14582.0,1837.0,12321.0,13570.0,1012.0,86000US33778,70732.0,10.24,1481.0,No
Florida,33781,10,1821830.9,24856.0,2209.0,20102.0,21103.0,3753.0,86000US33781,54043.0,17.36,4286.0,No
Florida,33785,7,1067575.12,5432.0,39.0,5322.0,5251.0,181.0,86000US33785,105375.0,10.38,564.0,No
Florida,33801,16,1033469.51,34370.0,5735.0,27185.0,27825.0,6545.0,86000US33801,43914.0,28.3,8934.0,No
Florida,33803,9,1420771.7,29460.0,2641.0,25569.0,25024.0,4436.0,86000US33803,60627.0,10.68,3114.0,No
Florida,33805,6,197251.82,25529.0,10128.0,13536.0,20657.0,4872.0,86000US33805,39460.0,30.67,7667.0,No
Florida,33809,9,1388238.38,30347.0,3256.0,25846.0,25944.0,4403.0,86000US33809,64392.0,11.64,3495.0,No
Florida,33811,1,123712.0,22293.0,1907.0,19643.0,18725.0,3568.0,86000US33811,73892.0,8.69,1935.0,No
Florida,33812,1,26205.09,12998.0,1194.0,11060.0,11426.0,1572.0,86000US33812,91094.0,4.95,640.0,No
Florida,33813,6,509268.5,38214.0,2067.0,34529.0,32716.0,5498.0,86000US33813,92760.0,3.81,1451.0,No
Florida,33815,1,191138.03,15148.0,4161.0,8810.0,10135.0,5013.0,86000US33815,41558.0,22.86,3450.0,No
Florida,33823,3,289767.63,33615.0,3639.0,29319.0,28122.0,5493.0,86000US33823,56367.0,18.61,6206.0,No
Florida,33825,1,30137.25,26420.0,5216.0,18120.0,20129.0,6291.0,86000US33825,47460.0,24.95,6083.0,No
Florida,33827,1,80322.61,3062.0,287.0,2747.0,2831.0,231.0,86000US33827,64415.0,13.96,390.0,No
Florida,33830,7,1877412.53,28884.0,6656.0,21391.0,23699.0,5185.0,86000US33830,63622.0,17.11,4824.0,No
Florida,33837,5,466247.49,30634.0,3869.0,25347.0,20046.0,10588.0,86000US33837,63528.0,13.75,4184.0,No
Florida,33838,2,223301.34,4358.0,1319.0,3147.0,2735.0,1623.0,86000US33838,46200.0,24.12,1051.0,No
Florida,33844,2,197348.96,36701.0,8516.0,27205.0,21536.0,15165.0,86000US33844,45162.0,19.68,7165.0,No
Florida,33848,1,59141.0,1022.0,38.0,750.0,257.0,765.0,86000US33848,56028.0,38.39,382.0,No
Florida,33850,2,185452.59,8324.0,1689.0,6047.0,7369.0,955.0,86000US33850,53623.0,19.75,1644.0,No
Florida,33852,2,1587750.62,21099.0,1143.0,19240.0,15681.0,5418.0,86000US33852,44947.0,22.09,4628.0,No
Florida,33853,2,60173.15,11649.0,3376.0,8281.0,9174.0,2475.0,86000US33853,55092.0,21.57,2474.0,No
Florida,33859,2,119899.01,11025.0,2017.0,9000.0,8767.0,2258.0,86000US33859,49254.0,14.72,1514.0,No
Florida,33868,1,48987.0,12081.0,872.0,10820.0,10428.0,1653.0,86000US33868,57723.0,14.58,1514.0,No
Florida,33870,4,152490.43,22284.0,3675.0,16986.0,18357.0,3927.0,86000US33870,43011.0,22.64,4822.0,No
Florida,33872,1,79166.67,15923.0,1053.0,13703.0,13776.0,2147.0,86000US33872,52725.0,10.05,1588.0,No
Florida,33873,1,26152.0,14162.0,1034.0,11724.0,8217.0,5945.0,86000US33873,49861.0,23.47,3285.0,No
Florida,33875,1,26293.31,11522.0,475.0,10816.0,9960.0,1562.0,86000US33875,63356.0,5.88,675.0,No
Florida,33876,1,38243.98,4888.0,161.0,4707.0,4064.0,824.0,86000US33876,63100.0,8.43,411.0,No
Florida,33880,10,3399649.18,40519.0,7626.0,31922.0,29697.0,10822.0,86000US33880,50872.0,18.77,7562.0,No
Florida,33881,9,540974.95,34340.0,11147.0,22583.0,29439.0,4901.0,86000US33881,49479.0,22.61,7732.0,No
Florida,33884,4,283097.35,32019.0,2966.0,27936.0,27773.0,4246.0,86000US33884,66582.0,9.52,2999.0,No
Florida,33896,6,1239876.72,11654.0,1595.0,9470.0,7914.0,3740.0,86000US33896,60989.0,12.0,1391.0,No
Florida,33897,3,297626.39,22752.0,2200.0,18734.0,14330.0,8422.0,86000US33897,62336.0,10.63,2414.0,No
Florida,33898,4,294336.39,16931.0,1990.0,14702.0,14416.0,2515.0,86000US33898,47945.0,19.49,3300.0,No
Florida,33901,15,2066006.76,21364.0,4960.0,14738.0,16917.0,4447.0,86000US33901,59556.0,19.34,3922.0,No
Florida,33903,4,808877.81,22657.0,986.0,20981.0,19592.0,3065.0,86000US33903,57289.0,14.77,3329.0,No
Florida,33904,12,1293885.25,31086.0,972.0,29556.0,26569.0,4517.0,86000US33904,67263.0,10.56,3266.0,No
Florida,33905,4,744342.91,37492.0,3153.0,31476.0,26897.0,10595.0,86000US33905,58616.0,14.47,5227.0,No
Florida,33907,11,4184117.62,24429.0,2961.0,19929.0,16760.0,7669.0,86000US33907,54830.0,19.13,4586.0,No
Florida,33908,17,2531848.3,36513.0,675.0,34507.0,33149.0,3364.0,86000US33908,86094.0,11.33,4031.0,No
Florida,33909,1,56035.0,31750.0,2620.0,27788.0,22702.0,9048.0,86000US33909,64964.0,9.81,3112.0,No
Florida,33912,4,658721.73,18646.0,140.0,17331.0,17126.0,1520.0,86000US33912,93814.0,4.98,921.0,No
Florida,33913,6,3831534.28,25497.0,1405.0,22028.0,22466.0,3031.0,86000US33913,104667.0,6.17,1477.0,No
Florida,33914,8,2632986.99,38281.0,1538.0,35207.0,32013.0,6268.0,86000US33914,79206.0,8.47,3230.0,No
Florida,33916,4,884354.93,24907.0,9928.0,11269.0,16341.0,8566.0,86000US33916,40678.0,25.39,6279.0,No
Florida,33919,4,128217.75,30330.0,966.0,28040.0,27708.0,2622.0,86000US33919,75286.0,8.11,2452.0,No
Florida,33920,1,188262.0,6243.0,426.0,5748.0,5642.0,601.0,86000US33920,82250.0,5.45,340.0,No
Florida,33924,1,135793.52,195.0,51.0,132.0,157.0,38.0,86000US33924,2499.0,51.79,101.0,No
Florida,33928,8,1053568.24,25141.0,468.0,23648.0,23657.0,1484.0,86000US33928,92592.0,6.34,1592.0,No
Florida,33931,13,1442198.09,10566.0,20.0,10448.0,10348.0,218.0,86000US33931,74232.0,10.59,1117.0,No
Florida,33935,1,133267.47,23513.0,1934.0,21112.0,11283.0,12230.0,86000US33935,41476.0,21.54,4988.0,No
Florida,33936,4,852638.22,24517.0,2727.0,20840.0,13334.0,11183.0,86000US33936,47151.0,25.53,6259.0,No
Florida,33948,8,397389.5,17122.0,1516.0,15260.0,15446.0,1676.0,86000US33948,58775.0,10.98,1863.0,No
Florida,33950,9,5030309.33,23299.0,453.0,22342.0,21742.0,1557.0,86000US33950,77154.0,9.88,2282.0,No
Florida,33952,2,588938.0,33390.0,3836.0,28763.0,29483.0,3907.0,86000US33952,51793.0,18.27,6028.0,No
Florida,33953,1,318834.63,6741.0,157.0,6398.0,6556.0,185.0,86000US33953,64637.0,9.85,664.0,No
Florida,33954,1,54474.92,10573.0,1031.0,9181.0,9865.0,708.0,86000US33954,66420.0,7.9,821.0,No
Florida,33955,1,314568.09,11436.0,1018.0,10110.0,10536.0,900.0,86000US33955,80545.0,9.13,912.0,No
Florida,33956,2,80057.23,3489.0,0.0,3468.0,3489.0,0.0,86000US33956,59309.0,11.46,400.0,No
Florida,33957,13,2898181.26,7319.0,31.0,7142.0,7261.0,58.0,86000US33957,129223.0,6.65,486.0,No
Florida,33965,1,151756.84,1735.0,290.0,1480.0,1465.0,270.0,86000US33965,N/A,N/A,N/A,No
Florida,33966,6,1173207.49,10065.0,533.0,8882.0,9125.0,940.0,86000US33966,75811.0,3.45,347.0,No
Florida,33967,1,315782.17,25129.0,1317.0,22425.0,19443.0,5686.0,86000US33967,76114.0,16.26,4084.0,No
Florida,33971,4,420481.37,27941.0,7137.0,19420.0,17164.0,10777.0,86000US33971,53217.0,17.88,4972.0,No
Florida,33972,1,1606.63,15515.0,2993.0,12780.0,11305.0,4210.0,86000US33972,61988.0,13.96,2149.0,No
Florida,33976,1,142785.68,,,,,,,,,,
Florida,33980,1,32502.0,13342.0,1189.0,12183.0,12802.0,540.0,86000US33980,57909.0,11.2,1463.0,No
Florida,33982,1,7977.34,10391.0,293.0,9840.0,9631.0,760.0,86000US33982,64562.0,10.17,977.0,No
Florida,33990,11,1833327.15,34657.0,2656.0,30767.0,27594.0,7063.0,86000US33990,68872.0,13.89,4783.0,No
Florida,33991,11,1008005.15,22516.0,895.0,21181.0,18250.0,4266.0,86000US33991,81580.0,8.11,1810.0,No
Florida,33993,3,1895168.75,27905.0,2277.0,24844.0,20563.0,7342.0,86000US33993,73355.0,11.38,3169.0,No
Florida,34102,17,1868624.85,11548.0,969.0,10437.0,10634.0,914.0,86000US34102,148700.0,11.09,1264.0,No
Florida,34103,3,1281667.5,13129.0,351.0,12661.0,12035.0,1094.0,86000US34103,129583.0,6.34,825.0,No
Florida,34104,8,1932044.71,24520.0,1080.0,22654.0,17024.0,7496.0,86000US34104,61633.0,11.92,2911.0,No
Florida,34105,3,131532.44,18011.0,500.0,16807.0,15769.0,2242.0,86000US34105,116516.0,4.63,826.0,No
Florida,34108,9,2236473.44,16450.0,269.0,15985.0,15251.0,1199.0,86000US34108,136622.0,6.77,1113.0,No
Florida,34109,9,1361658.75,24251.0,741.0,22279.0,19913.0,4338.0,86000US34109,91861.0,7.64,1846.0,No
Florida,34110,8,1148539.98,23988.0,591.0,22952.0,21089.0,2899.0,86000US34110,96528.0,8.18,1951.0,No
Florida,34112,8,554986.27,27064.0,2590.0,23953.0,21636.0,5428.0,86000US34112,71649.0,12.3,3204.0,No
Florida,34113,3,471257.07,22175.0,3307.0,18168.0,15229.0,6946.0,86000US34113,70938.0,9.73,2126.0,No
Florida,34114,3,136959.27,18223.0,1857.0,16217.0,14376.0,3847.0,86000US34114,67294.0,10.14,1848.0,No
Florida,34116,3,180782.05,36111.0,4854.0,30281.0,13579.0,22532.0,86000US34116,51816.0,14.62,5264.0,No
Florida,34119,3,878736.5,32911.0,643.0,31594.0,28550.0,4361.0,86000US34119,101243.0,7.11,2312.0,No
Florida,34120,3,586304.04,35498.0,2832.0,32362.0,24655.0,10843.0,86000US34120,85394.0,7.78,2758.0,No
Florida,34134,5,2373923.94,14992.0,203.0,14165.0,14413.0,579.0,86000US34134,120542.0,4.51,671.0,No
Florida,34135,11,1091084.24,47356.0,1683.0,42987.0,34696.0,12660.0,86000US34135,77356.0,9.09,4301.0,No
Florida,34142,2,51917.0,30534.0,6070.0,23109.0,9650.0,20884.0,86000US34142,33345.0,34.54,10238.0,No
Florida,34145,5,702641.78,17834.0,24.0,17635.0,15893.0,1941.0,86000US34145,98929.0,6.03,1075.0,No
Florida,34201,5,912816.34,3997.0,137.0,3810.0,3830.0,167.0,86000US34201,96233.0,2.23,89.0,No
Florida,34202,8,1469059.73,24637.0,514.0,23607.0,22172.0,2465.0,86000US34202,118278.0,4.2,1032.0,No
Florida,34203,6,762053.09,38971.0,3759.0,33411.0,29992.0,8979.0,86000US34203,64228.0,12.95,5018.0,No
Florida,34205,9,468365.32,32294.0,4477.0,26336.0,25576.0,6718.0,86000US34205,52819.0,19.01,6029.0,No
Florida,34207,6,1699168.75,36292.0,2971.0,32664.0,26959.0,9333.0,86000US34207,49087.0,18.06,6500.0,No
Florida,34208,4,117527.08,40998.0,10377.0,29138.0,28450.0,12548.0,86000US34208,55282.0,19.13,7785.0,No
Florida,34210,4,200191.54,16462.0,1583.0,14302.0,14815.0,1647.0,86000US34210,57929.0,12.7,2039.0,No
Florida,34211,5,1872939.58,8898.0,439.0,8378.0,8139.0,759.0,86000US34211,130212.0,3.23,287.0,No
Florida,34215,1,151439.0,596.0,10.0,585.0,568.0,28.0,86000US34215,46172.0,7.41,42.0,No
Florida,34217,8,1914081.06,5079.0,19.0,4986.0,4916.0,163.0,86000US34217,90809.0,9.24,465.0,No
Florida,34219,4,416656.3,24750.0,1125.0,23144.0,22028.0,2722.0,86000US34219,91640.0,3.57,880.0,No
Florida,34221,5,372682.63,46357.0,7882.0,36765.0,37807.0,8550.0,86000US34221,67372.0,13.67,6154.0,No
Florida,34222,2,234996.0,11659.0,453.0,10636.0,10456.0,1203.0,86000US34222,64313.0,7.54,877.0,No
Florida,34223,4,340970.15,18336.0,7.0,17690.0,17780.0,556.0,86000US34223,70415.0,8.22,1503.0,No
Florida,34224,4,180324.0,16422.0,236.0,16003.0,15590.0,832.0,86000US34224,56507.0,9.42,1534.0,No
Florida,34228,1,9234.0,7283.0,0.0,7200.0,7135.0,148.0,86000US34228,144457.0,3.09,225.0,No
Florida,34229,2,99627.0,7674.0,68.0,7512.0,6922.0,752.0,86000US34229,101439.0,6.27,481.0,No
Florida,34231,16,5128986.42,30341.0,757.0,28612.0,27747.0,2594.0,86000US34231,71521.0,11.67,3488.0,No
Florida,34232,13,2339821.49,35240.0,678.0,33495.0,29593.0,5647.0,86000US34232,77298.0,8.67,3021.0,No
Florida,34233,5,663810.0,17767.0,279.0,17074.0,15962.0,1805.0,86000US34233,86518.0,8.17,1432.0,No
Florida,34234,2,335972.35,21932.0,8220.0,13620.0,18904.0,3028.0,86000US34234,45694.0,26.59,5683.0,No
Florida,34236,30,5407110.72,13217.0,849.0,12137.0,12357.0,860.0,86000US34236,124458.0,10.88,1391.0,No
Florida,34237,3,313738.3,18071.0,1863.0,15546.0,12123.0,5948.0,86000US34237,56226.0,12.75,2149.0,No
Florida,34238,4,952142.54,20049.0,187.0,19419.0,18949.0,1100.0,86000US34238,107500.0,5.02,996.0,No
Florida,34239,6,1168275.8,15716.0,429.0,14667.0,14198.0,1518.0,86000US34239,78615.0,8.06,1248.0,No
Florida,34240,2,126471.6,11442.0,178.0,10895.0,10878.0,564.0,86000US34240,103266.0,7.57,863.0,No
Florida,34241,2,617881.0,15568.0,185.0,15100.0,14605.0,963.0,86000US34241,91882.0,5.44,844.0,No
Florida,34242,5,2687469.35,7465.0,10.0,7306.0,7363.0,102.0,86000US34242,134505.0,5.85,437.0,No
Florida,34243,9,848033.0,31901.0,1923.0,28960.0,29036.0,2865.0,86000US34243,78180.0,8.98,2777.0,No
Florida,34251,1,121857.0,7115.0,69.0,6921.0,6383.0,732.0,86000US34251,78424.0,5.32,375.0,No
Florida,34260,1,20171.0,N/A,N/A,N/A,N/A,N/A,N/A,N/A,N/A,N/A,No
Florida,34275,4,307431.31,20472.0,1203.0,19322.0,19870.0,602.0,86000US34275,77842.0,7.8,1596.0,No
Florida,34285,9,1424578.79,18653.0,208.0,18025.0,18147.0,506.0,86000US34285,79743.0,7.24,1329.0,No
Florida,34286,2,175062.37,20178.0,2176.0,18648.0,18475.0,1703.0,86000US34286,72346.0,5.14,1036.0,No
Florida,34287,3,230175.34,28614.0,1929.0,26432.0,25980.0,2634.0,86000US34287,57924.0,8.61,2446.0,No
Florida,34288,2,15585.0,11511.0,534.0,10359.0,10285.0,1226.0,86000US34288,83387.0,15.05,1718.0,No
Florida,34289,1,31539.0,3481.0,697.0,2754.0,3140.0,341.0,86000US34289,82617.0,6.81,237.0,No
Florida,34291,1,40575.04,,,,,,,,,,
Florida,34292,4,222594.48,15398.0,36.0,15146.0,15266.0,132.0,86000US34292,85873.0,5.86,889.0,No
Florida,34293,7,1045414.22,39534.0,481.0,38259.0,38092.0,1442.0,86000US34293,77768.0,6.41,2531.0,No
Florida,34420,1,9471.0,17749.0,1091.0,16486.0,15654.0,2095.0,86000US34420,56178.0,13.05,2288.0,No
Florida,34428,2,89407.87,9043.0,353.0,8684.0,8757.0,286.0,86000US34428,54910.0,24.45,2211.0,No
Florida,34429,7,1041661.1,8338.0,247.0,7860.0,8101.0,237.0,86000US34429,62619.0,15.18,1226.0,No
Florida,34433,1,374953.0,6574.0,197.0,6201.0,5723.0,851.0,86000US34433,59587.0,15.47,1011.0,No
Florida,34434,1,42419.18,8021.0,922.0,7087.0,7336.0,685.0,86000US34434,51032.0,9.65,774.0,No
Florida,34442,3,326138.27,14752.0,369.0,13210.0,14032.0,720.0,86000US34442,66442.0,12.61,1840.0,No
Florida,34446,3,238264.54,17454.0,154.0,17046.0,16563.0,891.0,86000US34446,54524.0,11.75,2042.0,No
Florida,34448,2,269512.96,10394.0,307.0,10202.0,10244.0,150.0,86000US34448,50708.0,15.45,1584.0,No
Florida,34449,1,246634.45,3192.0,62.0,3135.0,3076.0,116.0,86000US34449,39301.0,26.74,846.0,No
Florida,34450,3,415203.48,10692.0,417.0,10225.0,10104.0,588.0,86000US34450,49973.0,13.96,1484.0,No
Florida,34453,1,1334941.0,10621.0,363.0,10001.0,9770.0,851.0,86000US34453,50179.0,20.56,2146.0,No
Florida,34461,1,51869.33,11380.0,705.0,10452.0,10784.0,596.0,86000US34461,59103.0,13.85,1371.0,No
Florida,34470,6,688536.55,19794.0,2963.0,16642.0,17363.0,2431.0,86000US34470,48759.0,21.2,4107.0,No
Florida,34471,7,1053601.76,25734.0,2942.0,22308.0,22492.0,3242.0,86000US34471,71297.0,12.82,3224.0,No
Florida,34472,2,77211.04,31344.0,7462.0,22565.0,25163.0,6181.0,86000US34472,48172.0,19.92,6219.0,No
Florida,34473,1,60005.0,19998.0,5807.0,13982.0,12840.0,7158.0,86000US34473,61402.0,9.67,1933.0,No
Florida,34474,6,4716672.57,17143.0,1528.0,14562.0,13512.0,3631.0,86000US34474,53982.0,13.59,2258.0,No
Florida,34475,4,231082.1,13179.0,6996.0,6206.0,11488.0,1691.0,86000US34475,32632.0,43.05,4984.0,No
Florida,34476,1,36197.48,23279.0,2169.0,19926.0,20645.0,2634.0,86000US34476,62603.0,6.96,1619.0,No
Florida,34480,2,629718.0,19188.0,2344.0,16277.0,17004.0,2184.0,86000US34480,63797.0,11.67,2231.0,No
Florida,34488,1,239986.0,10424.0,1205.0,9588.0,10001.0,423.0,86000US34488,46297.0,17.3,1789.0,No
Florida,34491,2,322372.03,26614.0,1255.0,24567.0,23755.0,2859.0,86000US34491,55480.0,12.81,3395.0,No
Florida,34601,3,149341.75,22487.0,2070.0,20115.0,20862.0,1625.0,86000US34601,49890.0,17.8,3933.0,No
Florida,34606,9,997328.07,27209.0,901.0,25583.0,23122.0,4087.0,86000US34606,50338.0,18.15,4927.0,No
Florida,34607,1,155013.0,8403.0,421.0,8045.0,7539.0,864.0,86000US34607,59428.0,16.38,1375.0,No
Florida,34608,2,804498.09,34802.0,2377.0,30940.0,27440.0,7362.0,86000US34608,55793.0,14.65,5042.0,No
Florida,34609,3,132516.79,42227.0,3346.0,37586.0,35331.0,6896.0,86000US34609,64442.0,10.79,4541.0,No
Florida,34613,4,2369804.97,17924.0,756.0,16885.0,16588.0,1336.0,86000US34613,54122.0,11.64,2081.0,No
Florida,34638,3,997380.65,28609.0,3043.0,23614.0,21435.0,7174.0,86000US34638,100138.0,6.79,1936.0,No
Florida,34639,4,576377.45,29395.0,1888.0,25937.0,24271.0,5124.0,86000US34639,98320.0,5.37,1568.0,No
Florida,34652,7,550616.69,23688.0,645.0,22528.0,20636.0,3052.0,86000US34652,51243.0,16.33,3850.0,No
Florida,34653,3,106373.96,34588.0,1825.0,32189.0,29576.0,5012.0,86000US34653,50890.0,17.24,5809.0,No
Florida,34654,3,141966.12,22935.0,808.0,21445.0,21489.0,1446.0,86000US34654,63247.0,12.6,2880.0,No
Florida,34655,13,866638.89,41872.0,1485.0,39218.0,38005.0,3867.0,86000US34655,79054.0,7.42,3094.0,No
Florida,34667,2,134536.0,33272.0,763.0,32061.0,30559.0,2713.0,86000US34667,52494.0,16.27,5317.0,No
Florida,34668,11,2309577.66,48146.0,2254.0,43898.0,41064.0,7082.0,86000US34668,46497.0,18.48,8864.0,No
Florida,34669,1,69228.5,13304.0,505.0,12333.0,11889.0,1415.0,86000US34669,59446.0,14.66,1934.0,No
Florida,34677,4,1039114.7,22169.0,1034.0,19990.0,19679.0,2490.0,86000US34677,78911.0,8.86,1952.0,No
Florida,34683,6,594679.09,33514.0,854.0,31789.0,31341.0,2173.0,86000US34683,84590.0,8.12,2713.0,No
Florida,34684,9,643251.9,29088.0,1179.0,26668.0,26535.0,2553.0,86000US34684,68040.0,6.14,1756.0,No
Florida,34685,6,840490.01,17998.0,581.0,16555.0,16838.0,1160.0,86000US34685,99770.0,7.97,1428.0,No
Florida,34688,1,24955.0,7443.0,103.0,7096.0,7001.0,442.0,86000US34688,107275.0,10.68,793.0,No
Florida,34689,13,1488862.23,27445.0,2617.0,24654.0,24843.0,2602.0,86000US34689,67917.0,13.06,3528.0,No
Florida,34690,1,21678.0,11408.0,710.0,10584.0,9882.0,1526.0,86000US34690,44278.0,19.51,2226.0,No
Florida,34691,2,255601.94,20257.0,1600.0,18384.0,17470.0,2787.0,86000US34691,46227.0,17.99,3630.0,No
Florida,34695,9,1926295.42,18382.0,1150.0,16593.0,17035.0,1347.0,86000US34695,95194.0,5.53,1003.0,No
Florida,34698,21,1758849.15,38720.0,1757.0,35646.0,36730.0,1990.0,86000US34698,67243.0,9.52,3648.0,No
Florida,34711,17,2793373.11,61594.0,5977.0,51577.0,49909.0,11685.0,86000US34711,80210.0,8.88,5437.0,No
Florida,34714,7,651205.05,22380.0,3059.0,16905.0,14026.0,8354.0,86000US34714,55065.0,13.76,3076.0,No
Florida,34715,2,679636.69,18241.0,2635.0,14414.0,14814.0,3427.0,86000US34715,70318.0,4.92,833.0,No
Florida,34731,2,194787.33,14858.0,1590.0,13424.0,14059.0,799.0,86000US34731,61105.0,13.97,2070.0,No
Florida,34734,1,8087.9,4591.0,806.0,3461.0,3719.0,872.0,86000US34734,80729.0,3.43,157.0,No
Florida,34736,3,306495.93,19271.0,3577.0,14490.0,15666.0,3605.0,86000US34736,66552.0,10.95,2098.0,No
Florida,34737,2,1643588.16,2942.0,88.0,2799.0,2235.0,707.0,86000US34737,80550.0,8.09,238.0,No
Florida,34741,12,3251983.05,47710.0,6224.0,35168.0,15473.0,32237.0,86000US34741,39867.0,27.72,13041.0,No
Florida,34743,4,635333.78,45109.0,7753.0,31807.0,11301.0,33808.0,86000US34743,49884.0,15.51,6994.0,No
Florida,34744,15,2313077.17,57134.0,6327.0,42176.0,23371.0,33763.0,86000US34744,55745.0,10.52,5956.0,No
Florida,34746,26,9345026.07,44307.0,5032.0,36099.0,21276.0,23031.0,86000US34746,61563.0,12.39,5459.0,No
Florida,34747,13,3464826.24,21354.0,1799.0,18248.0,15753.0,5601.0,86000US34747,77097.0,10.78,2287.0,No
Florida,34748,11,1454318.44,39977.0,7487.0,31772.0,35441.0,4536.0,86000US34748,54320.0,15.7,6228.0,No
Florida,34759,1,150557.64,40713.0,10539.0,28431.0,19173.0,21540.0,86000US34759,53796.0,16.28,6611.0,No
Florida,34760,1,223452.0,863.0,262.0,614.0,726.0,137.0,86000US34760,81875.0,8.92,77.0,No
Florida,34761,14,1213689.74,45864.0,9529.0,29103.0,33249.0,12615.0,86000US34761,74433.0,11.3,5152.0,No
Florida,34769,10,1565423.97,24995.0,1916.0,20685.0,16733.0,8262.0,86000US34769,51901.0,19.37,4774.0,No
Florida,34771,2,502529.0,21052.0,1839.0,18699.0,14957.0,6095.0,86000US34771,80376.0,4.37,918.0,No
Florida,34772,3,475620.05,31436.0,3543.0,24299.0,18761.0,12675.0,86000US34772,74741.0,8.09,2528.0,No
Florida,34773,1,13551.94,3728.0,136.0,3367.0,3144.0,584.0,86000US34773,71802.0,11.17,412.0,No
Florida,34785,4,1156030.0,38097.0,6204.0,30742.0,34774.0,3323.0,86000US34785,77121.0,7.35,2278.0,No
Florida,34786,9,1481708.86,45836.0,4924.0,37363.0,37753.0,8083.0,86000US34786,118187.0,9.02,4120.0,No
Florida,34787,24,6376372.28,69976.0,11658.0,50758.0,53443.0,16533.0,86000US34787,95636.0,9.36,6468.0,No
Florida,34788,5,2069709.74,18193.0,493.0,17190.0,16609.0,1584.0,86000US34788,54794.0,10.62,1933.0,No
Florida,34945,4,362742.92,5187.0,819.0,4229.0,4322.0,865.0,86000US34945,67500.0,18.06,718.0,No
Florida,34946,2,125318.31,6079.0,3503.0,2509.0,5638.0,441.0,86000US34946,47500.0,19.91,1206.0,No
Florida,34947,3,202899.63,14155.0,7823.0,5969.0,11141.0,3014.0,86000US34947,36619.0,30.21,4228.0,No
Florida,34949,1,16530.52,7663.0,34.0,7439.0,7335.0,328.0,86000US34949,87259.0,8.64,658.0,No
Florida,34950,2,390146.02,16603.0,9009.0,7179.0,12569.0,4034.0,86000US34950,35711.0,35.9,5897.0,No
Florida,34952,9,1462129.26,41567.0,5232.0,35591.0,34466.0,7101.0,86000US34952,56689.0,11.51,4720.0,No
Florida,34953,6,339118.93,70705.0,16169.0,51191.0,54155.0,16550.0,86000US34953,65193.0,8.85,6231.0,No
Florida,34956,1,108741.0,10258.0,2519.0,5851.0,4966.0,5292.0,86000US34956,40694.0,26.74,2331.0,No
Florida,34957,6,313117.05,23204.0,818.0,21942.0,21552.0,1652.0,86000US34957,76823.0,8.92,2058.0,No
Florida,34972,2,248290.93,20877.0,2934.0,17181.0,13287.0,7590.0,86000US34972,44611.0,23.05,4098.0,No
Florida,34982,4,190828.02,25135.0,3412.0,20346.0,19390.0,5745.0,86000US34982,51393.0,19.79,4941.0,No
Florida,34983,7,776750.6,42818.0,7604.0,33740.0,33622.0,9196.0,86000US34983,57408.0,9.76,4170.0,No
Florida,34984,3,198169.32,16035.0,3912.0,11314.0,12241.0,3794.0,86000US34984,79017.0,7.43,1191.0,No
Florida,34986,1,103620.0,28265.0,5940.0,21313.0,24161.0,4104.0,86000US34986,70857.0,10.56,2981.0,No
Florida,34987,1,40372.27,9717.0,1931.0,7611.0,8515.0,1202.0,86000US34987,80086.0,3.98,387.0,No
Florida,34990,6,970624.99,29999.0,272.0,28650.0,28278.0,1721.0,86000US34990,104199.0,5.74,1714.0,No
Florida,34994,9,1421637.22,17800.0,2066.0,15406.0,15269.0,2531.0,86000US34994,61172.0,11.42,1946.0,No
Florida,34996,3,220615.2,10741.0,292.0,10151.0,9792.0,949.0,86000US34996,103525.0,7.47,801.0,No
Florida,34997,6,821784.2,44632.0,2387.0,40400.0,36530.0,8102.0,86000US34997,68992.0,10.34,4584.0,No
