Zipcode,Total,Black,White,NotHisp_Latino,Hisp_Latino,geoid,Median_Income,Below_Poverty_Percent,Below_Poverty_Total,Updated
32003,28676.0,2248.0,25726.0,26761.0,1915.0,86000US32003,111651.0,3.81,1089.0,No
32004,N/A,N/A,N/A,N/A,N/A,N/A,N/A,N/A,N/A,No
32006,N/A,N/A,N/A,N/A,N/A,N/A,N/A,N/A,N/A,No
32007,N/A,N/A,N/A,N/A,N/A,N/A,N/A,N/A,N/A,No
32008,4425.0,59.0,4225.0,3997.0,428.0,86000US32008,42172.0,12.02,529.0,No
32009,3661.0,50.0,3633.0,3544.0,117.0,86000US32009,90500.0,4.22,154.0,No
32011,14509.0,567.0,13914.0,14395.0,114.0,86000US32011,71701.0,9.28,1338.0,No
32013,N/A,N/A,N/A,N/A,N/A,N/A,N/A,N/A,N/A,No
32024,19452.0,1083.0,17863.0,18063.0,1389.0,86000US32024,74137.0,8.35,1617.0,No
32025,23416.0,5751.0,17053.0,21525.0,1891.0,86000US32025,59197.0,14.07,2665.0,No
32026,2002.0,1199.0,756.0,1779.0,223.0,86000US32026,N/A,N/A,N/A,No
32030,N/A,N/A,N/A,N/A,N/A,N/A,N/A,N/A,N/A,No
32033,4676.0,900.0,3670.0,4262.0,414.0,86000US32033,69541.0,23.57,1102.0,No
32034,36395.0,2362.0,32999.0,34256.0,2139.0,86000US32034,98304.0,9.55,3459.0,No
32035,N/A,N/A,N/A,N/A,N/A,N/A,N/A,N/A,N/A,No
32038,10184.0,1041.0,9119.0,9651.0,533.0,86000US32038,49238.0,16.13,1643.0,No
32040,7329.0,420.0,6822.0,7154.0,175.0,86000US32040,62037.0,19.44,1420.0,No
32041,N/A,N/A,N/A,N/A,N/A,N/A,N/A,N/A,N/A,No
32042,N/A,N/A,N/A,N/A,N/A,N/A,N/A,N/A,N/A,No
32043,26743.0,2774.0,23472.0,24331.0,2412.0,86000US32043,76895.0,10.8,2810.0,No
32044,1711.0,75.0,1636.0,1711.0,0.0,86000US32044,58903.0,27.94,478.0,No
32046,9418.0,434.0,8723.0,9162.0,256.0,86000US32046,67442.0,13.03,1210.0,No
32050,N/A,N/A,N/A,N/A,N/A,N/A,N/A,N/A,N/A,No
32052,9427.0,3945.0,5495.0,8753.0,674.0,86000US32052,52128.0,25.03,1535.0,No
32053,3538.0,637.0,2598.0,2916.0,622.0,86000US32053,43077.0,40.93,1448.0,No
32054,11811.0,2379.0,9280.0,11169.0,642.0,86000US32054,53873.0,19.73,1618.0,No
32055,16590.0,5496.0,10970.0,16004.0,586.0,86000US32055,55085.0,26.51,4272.0,No
32056,N/A,N/A,N/A,N/A,N/A,N/A,N/A,N/A,N/A,No
32058,4368.0,1023.0,3315.0,4306.0,62.0,86000US32058,45156.0,24.79,868.0,No
32059,2418.0,443.0,1824.0,2173.0,245.0,86000US32059,49653.0,17.48,408.0,No
32060,24064.0,3694.0,20195.0,21835.0,2229.0,86000US32060,56615.0,15.89,3663.0,No
32061,514.0,0.0,514.0,514.0,0.0,86000US32061,85375.0,35.21,181.0,No
32062,1826.0,80.0,1746.0,1629.0,197.0,86000US32062,66447.0,11.14,200.0,No
32063,13482.0,1586.0,11676.0,13190.0,292.0,86000US32063,75769.0,8.63,1070.0,No
32064,6890.0,2268.0,5081.0,5839.0,1051.0,86000US32064,49444.0,13.63,882.0,No
32065,37195.0,7296.0,27021.0,31983.0,5212.0,86000US32065,80491.0,7.97,2953.0,No
32066,7420.0,1497.0,6016.0,6353.0,1067.0,86000US32066,60188.0,13.03,770.0,No
32067,N/A,N/A,N/A,N/A,N/A,N/A,N/A,N/A,N/A,No
32068,57305.0,4456.0,52039.0,52708.0,4597.0,86000US32068,67148.0,13.1,7470.0,No
32071,3903.0,98.0,3846.0,3660.0,243.0,86000US32071,36797.0,19.81,753.0,No
32072,211.0,8.0,203.0,211.0,0.0,86000US32072,N/A,20.85,44.0,No
32073,42520.0,10152.0,30072.0,36476.0,6044.0,86000US32073,70537.0,11.37,4763.0,No
32079,451.0,10.0,441.0,451.0,0.0,86000US32079,75875.0,12.19,44.0,No
32080,22261.0,216.0,21767.0,21462.0,799.0,86000US32080,94231.0,9.65,2145.0,No
32081,14856.0,258.0,13209.0,13651.0,1205.0,86000US32081,126826.0,1.33,198.0,No
32082,30539.0,669.0,29358.0,29425.0,1114.0,86000US32082,139932.0,4.6,1396.0,No
32083,4115.0,1443.0,2523.0,3834.0,281.0,86000US32083,57083.0,19.91,274.0,No
32084,35761.0,5715.0,29188.0,32543.0,3218.0,86000US32084,68473.0,18.99,6525.0,No
32085,N/A,N/A,N/A,N/A,N/A,N/A,N/A,N/A,N/A,No
32086,29580.0,741.0,27835.0,27670.0,1910.0,86000US32086,70106.0,9.09,2663.0,No
32087,7097.0,2133.0,4978.0,6843.0,254.0,86000US32087,69167.0,9.47,483.0,No
32091,15256.0,3096.0,12175.0,14533.0,723.0,86000US32091,53381.0,24.0,3553.0,No
32092,37014.0,1988.0,33977.0,33460.0,3554.0,86000US32092,97053.0,6.23,2280.0,No
32094,2575.0,132.0,2326.0,2357.0,218.0,86000US32094,74226.0,8.28,189.0,No
32095,11800.0,577.0,10914.0,11239.0,561.0,86000US32095,105603.0,6.15,717.0,No
32096,2186.0,509.0,1672.0,2093.0,93.0,86000US32096,47614.0,17.01,369.0,No
32097,19030.0,2078.0,16667.0,18077.0,953.0,86000US32097,75417.0,13.52,2519.0,No
32099,N/A,N/A,N/A,N/A,N/A,N/A,N/A,N/A,N/A,No
32102,2283.0,152.0,2176.0,1919.0,364.0,86000US32102,59219.0,18.83,430.0,No
32105,N/A,N/A,N/A,N/A,N/A,N/A,N/A,N/A,N/A,No
32110,8267.0,949.0,7133.0,7326.0,941.0,86000US32110,47462.0,20.68,1640.0,No
32111,N/A,N/A,N/A,N/A,N/A,N/A,N/A,N/A,N/A,No
32112,7646.0,908.0,6476.0,4591.0,3055.0,86000US32112,43163.0,27.58,2087.0,No
32113,5216.0,1114.0,4222.0,4623.0,593.0,86000US32113,37212.0,30.65,1575.0,No
32114,32847.0,16941.0,15383.0,30371.0,2476.0,86000US32114,39984.0,31.97,9647.0,No
32115,N/A,N/A,N/A,N/A,N/A,N/A,N/A,N/A,N/A,No
32116,N/A,N/A,N/A,N/A,N/A,N/A,N/A,N/A,N/A,No
32117,26425.0,7801.0,17169.0,23771.0,2654.0,86000US32117,46098.0,21.15,5483.0,No
32118,17520.0,758.0,16289.0,16477.0,1043.0,86000US32118,60607.0,15.23,2667.0,No
32119,22344.0,2773.0,18834.0,20382.0,1962.0,86000US32119,52166.0,16.89,3759.0,No
32120,N/A,N/A,N/A,N/A,N/A,N/A,N/A,N/A,N/A,No
32121,N/A,N/A,N/A,N/A,N/A,N/A,N/A,N/A,N/A,No
32122,N/A,N/A,N/A,N/A,N/A,N/A,N/A,N/A,N/A,No
32123,N/A,N/A,N/A,N/A,N/A,N/A,N/A,N/A,N/A,No
32124,6117.0,1334.0,4481.0,5584.0,533.0,86000US32124,76944.0,13.14,552.0,No
32125,N/A,N/A,N/A,N/A,N/A,N/A,N/A,N/A,N/A,No
32126,N/A,N/A,N/A,N/A,N/A,N/A,N/A,N/A,N/A,No
32127,30398.0,1446.0,28076.0,28122.0,2276.0,86000US32127,66180.0,15.04,4547.0,No
32128,21183.0,1182.0,19073.0,20108.0,1075.0,86000US32128,95453.0,10.08,2129.0,No
32129,22185.0,1420.0,19247.0,20490.0,1695.0,86000US32129,60822.0,15.32,3396.0,No
32130,5703.0,122.0,5083.0,3993.0,1710.0,86000US32130,56905.0,16.83,960.0,No
32131,4365.0,1041.0,3254.0,4110.0,255.0,86000US32131,59274.0,14.95,566.0,No
32132,7570.0,298.0,7251.0,7454.0,116.0,86000US32132,60911.0,11.66,879.0,No
32133,17.0,0.0,17.0,17.0,0.0,86000US32133,N/A,100.0,17.0,No
32134,7754.0,30.0,7699.0,7239.0,515.0,86000US32134,46327.0,27.64,2125.0,No
32135,N/A,N/A,N/A,N/A,N/A,N/A,N/A,N/A,N/A,No
32136,8306.0,232.0,7934.0,7970.0,336.0,86000US32136,71014.0,10.34,859.0,No
32137,43876.0,3545.0,38013.0,39397.0,4479.0,86000US32137,68711.0,12.19,5296.0,No
32138,N/A,N/A,N/A,N/A,N/A,N/A,N/A,N/A,N/A,No
32139,971.0,13.0,875.0,832.0,139.0,86000US32139,36667.0,25.75,250.0,No
32140,1439.0,0.0,1439.0,1427.0,12.0,86000US32140,42083.0,20.85,300.0,No
32141,19031.0,413.0,17909.0,18008.0,1023.0,86000US32141,56325.0,11.99,2276.0,No
32142,N/A,N/A,N/A,N/A,N/A,N/A,N/A,N/A,N/A,No
32145,5723.0,1215.0,4486.0,5329.0,394.0,86000US32145,48929.0,22.63,1235.0,No
32147,790.0,0.0,790.0,790.0,0.0,86000US32147,N/A,29.2,212.0,No
32148,10710.0,565.0,10227.0,9506.0,1204.0,86000US32148,38611.0,27.16,2859.0,No
32149,N/A,N/A,N/A,N/A,N/A,N/A,N/A,N/A,N/A,No
32157,363.0,0.0,357.0,350.0,13.0,86000US32157,53140.0,2.2,8.0,No
32158,N/A,N/A,N/A,N/A,N/A,N/A,N/A,N/A,N/A,No
32159,29920.0,858.0,28112.0,28296.0,1624.0,86000US32159,58492.0,10.83,3211.0,No
32160,N/A,N/A,N/A,N/A,N/A,N/A,N/A,N/A,N/A,No
32162,54951.0,274.0,53812.0,54297.0,654.0,86000US32162,74226.0,4.69,2572.0,No
32164,47341.0,7449.0,37532.0,41647.0,5694.0,86000US32164,55469.0,11.75,5527.0,No
32168,27679.0,1522.0,25655.0,26858.0,821.0,86000US32168,71644.0,11.9,3287.0,No
32169,10228.0,45.0,10052.0,10023.0,205.0,86000US32169,90679.0,5.86,588.0,No
32170,N/A,N/A,N/A,N/A,N/A,N/A,N/A,N/A,N/A,No
32173,N/A,N/A,N/A,N/A,N/A,N/A,N/A,N/A,N/A,No
32174,51165.0,2473.0,47752.0,48202.0,2963.0,86000US32174,68178.0,8.46,4265.0,No
32175,N/A,N/A,N/A,N/A,N/A,N/A,N/A,N/A,N/A,No
32176,14460.0,398.0,13792.0,13665.0,795.0,86000US32176,64951.0,12.05,1740.0,No
32177,26845.0,7270.0,19470.0,25031.0,1814.0,86000US32177,46431.0,25.17,6624.0,No
32178,N/A,N/A,N/A,N/A,N/A,N/A,N/A,N/A,N/A,No
32179,7919.0,697.0,7181.0,7602.0,317.0,86000US32179,41771.0,23.13,1832.0,No
32180,4535.0,257.0,3787.0,3016.0,1519.0,86000US32180,49364.0,24.05,1080.0,No
32181,2558.0,231.0,2336.0,2413.0,145.0,86000US32181,47661.0,30.19,771.0,No
32182,N/A,N/A,N/A,N/A,N/A,N/A,N/A,N/A,N/A,No
32183,N/A,N/A,N/A,N/A,N/A,N/A,N/A,N/A,N/A,No
32185,N/A,N/A,N/A,N/A,N/A,N/A,N/A,N/A,N/A,No
32187,1871.0,454.0,1403.0,1854.0,17.0,86000US32187,47574.0,13.68,256.0,No
32189,5874.0,416.0,5439.0,5562.0,312.0,86000US32189,40714.0,24.67,1444.0,No
32190,1309.0,127.0,682.0,496.0,813.0,86000US32190,53188.0,16.5,216.0,No
32192,N/A,N/A,N/A,N/A,N/A,N/A,N/A,N/A,N/A,No
32193,705.0,285.0,423.0,704.0,1.0,86000US32193,62700.0,26.16,181.0,No
32195,2926.0,168.0,2752.0,2679.0,247.0,86000US32195,57599.0,11.89,348.0,No
32198,N/A,N/A,N/A,N/A,N/A,N/A,N/A,N/A,N/A,No
32201,N/A,N/A,N/A,N/A,N/A,N/A,N/A,N/A,N/A,No
32202,6523.0,3677.0,2603.0,6188.0,335.0,86000US32202,38590.0,45.77,1748.0,No
32203,N/A,N/A,N/A,N/A,N/A,N/A,N/A,N/A,N/A,No
32204,7547.0,1932.0,5007.0,7076.0,471.0,86000US32204,60809.0,26.99,1941.0,No
32205,30305.0,7841.0,22022.0,27734.0,2571.0,86000US32205,60879.0,19.14,5777.0,No
32206,16027.0,11671.0,4450.0,15321.0,706.0,86000US32206,40572.0,32.98,5220.0,No
32207,35488.0,6485.0,25132.0,29725.0,5763.0,86000US32207,60315.0,19.72,6961.0,No
32208,30841.0,25269.0,5673.0,30141.0,700.0,86000US32208,45093.0,23.69,7283.0,No
32209,34945.0,32813.0,2016.0,33851.0,1094.0,86000US32209,29088.0,37.2,12760.0,No
32210,62048.0,24782.0,34861.0,56780.0,5268.0,86000US32210,57594.0,16.68,10314.0,No
32211,35657.0,14501.0,20203.0,31152.0,4505.0,86000US32211,50223.0,15.74,5560.0,No
32212,2466.0,505.0,1933.0,1989.0,477.0,86000US32212,37115.0,10.36,94.0,No
32214,N/A,N/A,N/A,N/A,N/A,N/A,N/A,N/A,N/A,No
32215,N/A,N/A,N/A,N/A,N/A,N/A,N/A,N/A,N/A,No
32216,38231.0,8213.0,26186.0,32535.0,5696.0,86000US32216,63803.0,20.2,7535.0,No
32217,19899.0,2758.0,16190.0,17012.0,2887.0,86000US32217,67589.0,13.74,2689.0,No
32218,64007.0,33297.0,29126.0,59815.0,4192.0,86000US32218,68165.0,13.71,8628.0,No
32219,12685.0,7630.0,4596.0,12380.0,305.0,86000US32219,54618.0,16.54,2068.0,No
32220,12981.0,2566.0,10293.0,12705.0,276.0,86000US32220,75262.0,14.96,1929.0,No
32221,30900.0,10420.0,18355.0,28624.0,2276.0,86000US32221,69423.0,12.22,3746.0,No
32222,11521.0,4626.0,5965.0,9559.0,1962.0,86000US32222,66912.0,13.86,1588.0,No
32223,24571.0,946.0,22801.0,22876.0,1695.0,86000US32223,96932.0,5.84,1434.0,No
32224,44058.0,5143.0,37272.0,38175.0,5883.0,86000US32224,104324.0,7.55,3008.0,No
32225,55018.0,9174.0,42223.0,50100.0,4918.0,86000US32225,84784.0,7.17,3935.0,No
32226,15667.0,2554.0,12609.0,14688.0,979.0,86000US32226,89312.0,6.11,954.0,No
32227,3337.0,437.0,2551.0,2807.0,530.0,86000US32227,59479.0,3.31,56.0,No
32228,470.0,66.0,387.0,407.0,63.0,86000US32228,N/A,N/A,N/A,No
32229,N/A,N/A,N/A,N/A,N/A,N/A,N/A,N/A,N/A,No
32230,N/A,N/A,N/A,N/A,N/A,N/A,N/A,N/A,N/A,No
32231,N/A,N/A,N/A,N/A,N/A,N/A,N/A,N/A,N/A,No
32232,N/A,N/A,N/A,N/A,N/A,N/A,N/A,N/A,N/A,No
32233,24979.0,3112.0,21118.0,22991.0,1988.0,86000US32233,76882.0,8.21,1883.0,No
32234,5867.0,442.0,5279.0,5518.0,349.0,86000US32234,65110.0,9.69,566.0,No
32235,N/A,N/A,N/A,N/A,N/A,N/A,N/A,N/A,N/A,No
32236,N/A,N/A,N/A,N/A,N/A,N/A,N/A,N/A,N/A,No
32237,N/A,N/A,N/A,N/A,N/A,N/A,N/A,N/A,N/A,No
32238,N/A,N/A,N/A,N/A,N/A,N/A,N/A,N/A,N/A,No
32239,N/A,N/A,N/A,N/A,N/A,N/A,N/A,N/A,N/A,No
32240,N/A,N/A,N/A,N/A,N/A,N/A,N/A,N/A,N/A,No
32241,N/A,N/A,N/A,N/A,N/A,N/A,N/A,N/A,N/A,No
32244,59402.0,22130.0,31650.0,51589.0,7813.0,86000US32244,59779.0,15.07,8883.0,No
32245,N/A,N/A,N/A,N/A,N/A,N/A,N/A,N/A,N/A,No
32246,51589.0,9157.0,35132.0,43397.0,8192.0,86000US32246,68119.0,12.3,6326.0,No
32247,N/A,N/A,N/A,N/A,N/A,N/A,N/A,N/A,N/A,No
32250,27246.0,855.0,25991.0,24920.0,2326.0,86000US32250,114897.0,7.23,1951.0,No
32254,13431.0,8204.0,5159.0,12668.0,763.0,86000US32254,37591.0,29.42,3818.0,No
32255,N/A,N/A,N/A,N/A,N/A,N/A,N/A,N/A,N/A,No
32256,47943.0,9351.0,32869.0,42008.0,5935.0,86000US32256,82088.0,9.12,4357.0,No
32257,39000.0,5504.0,31117.0,34836.0,4164.0,86000US32257,78984.0,7.89,3047.0,No
32258,34036.0,3780.0,25579.0,31297.0,2739.0,86000US32258,92795.0,6.41,2158.0,No
32259,52296.0,3059.0,46929.0,48453.0,3843.0,86000US32259,125033.0,2.87,1497.0,No
32260,N/A,N/A,N/A,N/A,N/A,N/A,N/A,N/A,N/A,No
32266,7101.0,63.0,6761.0,6737.0,364.0,86000US32266,106687.0,9.18,650.0,No
32267,N/A,N/A,N/A,N/A,N/A,N/A,N/A,N/A,N/A,No
32277,32327.0,14232.0,17073.0,29303.0,3024.0,86000US32277,60658.0,11.57,3621.0,No
32290,N/A,N/A,N/A,N/A,N/A,N/A,N/A,N/A,N/A,No
32301,31317.0,15687.0,14941.0,29465.0,1852.0,86000US32301,55602.0,24.28,7125.0,No
32302,N/A,N/A,N/A,N/A,N/A,N/A,N/A,N/A,N/A,No
32303,48507.0,17343.0,30450.0,46091.0,2416.0,86000US32303,66920.0,18.49,8924.0,No
32304,49927.0,19271.0,28461.0,45392.0,4535.0,86000US32304,30806.0,56.03,23772.0,No
32305,20902.0,12337.0,8518.0,19644.0,1258.0,86000US32305,44182.0,24.45,4984.0,No
32306,N/A,N/A,N/A,N/A,N/A,N/A,N/A,N/A,N/A,No
32307,N/A,N/A,N/A,N/A,N/A,N/A,N/A,N/A,N/A,No
32308,22029.0,5347.0,16414.0,21005.0,1024.0,86000US32308,95679.0,10.29,2186.0,No
32309,31597.0,3758.0,26066.0,29216.0,2381.0,86000US32309,97253.0,5.56,1756.0,No
32310,15544.0,8210.0,6762.0,14308.0,1236.0,86000US32310,46277.0,28.16,4195.0,No
32311,22264.0,6855.0,14126.0,20778.0,1486.0,86000US32311,86347.0,4.77,1014.0,No
32312,32783.0,3488.0,27172.0,31346.0,1437.0,86000US32312,114956.0,6.28,2058.0,No
32313,N/A,N/A,N/A,N/A,N/A,N/A,N/A,N/A,N/A,No
32314,N/A,N/A,N/A,N/A,N/A,N/A,N/A,N/A,N/A,No
32315,N/A,N/A,N/A,N/A,N/A,N/A,N/A,N/A,N/A,No
32316,N/A,N/A,N/A,N/A,N/A,N/A,N/A,N/A,N/A,No
32317,14876.0,1974.0,12199.0,13931.0,945.0,86000US32317,101385.0,5.3,783.0,No
32318,N/A,N/A,N/A,N/A,N/A,N/A,N/A,N/A,N/A,No
32320,3887.0,807.0,2961.0,3762.0,125.0,86000US32320,55000.0,16.42,633.0,No
32321,6321.0,1371.0,4824.0,5929.0,392.0,86000US32321,39811.0,18.71,921.0,No
32322,3994.0,867.0,2934.0,3622.0,372.0,86000US32322,51667.0,21.81,544.0,No
32323,137.0,0.0,137.0,137.0,0.0,86000US32323,N/A,17.52,24.0,No
32324,4716.0,2559.0,2130.0,4365.0,351.0,86000US32324,45167.0,31.94,1419.0,No
32326,N/A,N/A,N/A,N/A,N/A,N/A,N/A,N/A,N/A,No
32327,28525.0,4629.0,23512.0,27523.0,1002.0,86000US32327,73726.0,11.61,2911.0,No
32328,3415.0,83.0,3302.0,3288.0,127.0,86000US32328,53000.0,20.33,680.0,No
32329,N/A,N/A,N/A,N/A,N/A,N/A,N/A,N/A,N/A,No
32330,651.0,291.0,356.0,445.0,206.0,86000US32330,42115.0,26.88,175.0,No
32331,4193.0,1367.0,2656.0,4111.0,82.0,86000US32331,42143.0,29.18,1184.0,No
32332,1077.0,937.0,130.0,950.0,127.0,86000US32332,31765.0,31.2,336.0,No
32333,11314.0,4866.0,6300.0,10891.0,423.0,86000US32333,59455.0,17.74,1890.0,No
32334,2024.0,8.0,1990.0,2024.0,0.0,86000US32334,43393.0,11.99,242.0,No
32335,N/A,N/A,N/A,N/A,N/A,N/A,N/A,N/A,N/A,No
32336,1128.0,499.0,619.0,1060.0,68.0,86000US32336,39196.0,26.54,298.0,No
32337,N/A,N/A,N/A,N/A,N/A,N/A,N/A,N/A,N/A,No
32340,11374.0,5127.0,6092.0,10756.0,618.0,86000US32340,49786.0,28.98,2724.0,No
32341,N/A,N/A,N/A,N/A,N/A,N/A,N/A,N/A,N/A,No
32343,3221.0,2844.0,344.0,3038.0,183.0,86000US32343,73571.0,4.9,157.0,No
32344,12356.0,4635.0,7623.0,11875.0,481.0,86000US32344,60928.0,17.62,1798.0,No
32345,N/A,N/A,N/A,N/A,N/A,N/A,N/A,N/A,N/A,No
32346,1933.0,0.0,1933.0,1913.0,20.0,86000US32346,52976.0,19.76,382.0,No
32347,7609.0,530.0,6736.0,7240.0,369.0,86000US32347,59082.0,20.39,1489.0,No
32348,12935.0,3947.0,8818.0,11894.0,1041.0,86000US32348,48750.0,21.37,1975.0,No
32350,1272.0,107.0,1177.0,1164.0,108.0,86000US32350,49539.0,16.75,213.0,No
32351,18720.0,10258.0,7499.0,15870.0,2850.0,86000US32351,41367.0,30.81,5023.0,No
32352,6246.0,4380.0,1778.0,5608.0,638.0,86000US32352,56404.0,11.01,681.0,No
32353,N/A,N/A,N/A,N/A,N/A,N/A,N/A,N/A,N/A,No
32355,244.0,0.0,244.0,234.0,10.0,86000US32355,62750.0,32.79,80.0,No
32356,0.0,0.0,0.0,0.0,0.0,86000US32356,N/A,N/A,N/A,No
32357,N/A,N/A,N/A,N/A,N/A,N/A,N/A,N/A,N/A,No
32358,2021.0,391.0,1599.0,1828.0,193.0,86000US32358,60950.0,9.7,196.0,No
32359,1271.0,0.0,1235.0,1271.0,0.0,86000US32359,42470.0,15.74,200.0,No
32360,N/A,N/A,N/A,N/A,N/A,N/A,N/A,N/A,N/A,No
32361,383.0,0.0,370.0,383.0,0.0,86000US32361,56648.0,0.0,0.0,No
32362,N/A,N/A,N/A,N/A,N/A,N/A,N/A,N/A,N/A,No
32395,N/A,N/A,N/A,N/A,N/A,N/A,N/A,N/A,N/A,No
32399,0.0,0.0,0.0,0.0,0.0,86000US32399,N/A,N/A,N/A,No
32401,22027.0,7052.0,15213.0,20795.0,1232.0,86000US32401,47665.0,25.54,5538.0,No
32402,N/A,N/A,N/A,N/A,N/A,N/A,N/A,N/A,N/A,No
32403,2779.0,430.0,2082.0,2287.0,492.0,86000US32403,64549.0,2.92,70.0,No
32404,39503.0,6087.0,31360.0,36672.0,2831.0,86000US32404,67955.0,13.32,5148.0,No
32405,32239.0,5026.0,26411.0,29611.0,2628.0,86000US32405,64405.0,16.89,5372.0,No
32406,N/A,N/A,N/A,N/A,N/A,N/A,N/A,N/A,N/A,No
32407,10822.0,733.0,9709.0,9870.0,952.0,86000US32407,75135.0,8.79,938.0,No
32408,18864.0,853.0,17364.0,18005.0,859.0,86000US32408,79016.0,15.17,2851.0,No
32409,10144.0,69.0,9838.0,9707.0,437.0,86000US32409,74970.0,11.7,1185.0,No
32410,964.0,0.0,943.0,894.0,70.0,86000US32410,73750.0,8.09,78.0,No
32411,N/A,N/A,N/A,N/A,N/A,N/A,N/A,N/A,N/A,No
32412,N/A,N/A,N/A,N/A,N/A,N/A,N/A,N/A,N/A,No
32413,14805.0,472.0,13546.0,13936.0,869.0,86000US32413,77177.0,7.92,1172.0,No
32417,N/A,N/A,N/A,N/A,N/A,N/A,N/A,N/A,N/A,No
32420,1958.0,18.0,1897.0,1899.0,59.0,86000US32420,48571.0,17.06,331.0,No
32421,4834.0,55.0,4662.0,4709.0,125.0,86000US32421,50398.0,14.71,711.0,No
32422,N/A,N/A,N/A,N/A,N/A,N/A,N/A,N/A,N/A,No
32423,966.0,224.0,742.0,911.0,55.0,86000US32423,67260.0,2.9,28.0,No
32424,7514.0,2086.0,5346.0,6852.0,662.0,86000US32424,63958.0,16.55,906.0,No
32425,13586.0,1188.0,12067.0,13270.0,316.0,86000US32425,51265.0,24.76,2917.0,No
32426,814.0,532.0,245.0,803.0,11.0,86000US32426,31917.0,20.96,170.0,No
32427,1034.0,157.0,789.0,1003.0,31.0,86000US32427,41406.0,35.33,360.0,No
32428,17564.0,2947.0,14307.0,16758.0,806.0,86000US32428,48206.0,22.77,3356.0,No
32430,1173.0,0.0,1138.0,1134.0,39.0,86000US32430,57750.0,12.87,151.0,No
32431,4145.0,652.0,3462.0,3960.0,185.0,86000US32431,56875.0,19.39,798.0,No
32432,0.0,0.0,0.0,0.0,0.0,86000US32432,N/A,N/A,N/A,No
32433,17877.0,2267.0,15310.0,16824.0,1053.0,86000US32433,53099.0,23.37,3778.0,No
32434,N/A,N/A,N/A,N/A,N/A,N/A,N/A,N/A,N/A,No
32435,7494.0,557.0,6739.0,7270.0,224.0,86000US32435,55625.0,16.06,1174.0,No
32437,843.0,278.0,532.0,843.0,0.0,86000US32437,26023.0,51.01,430.0,No
32438,3822.0,9.0,3760.0,3611.0,211.0,86000US32438,32454.0,36.58,1363.0,No
32439,10413.0,412.0,9180.0,9000.0,1413.0,86000US32439,66929.0,10.82,1126.0,No
32440,7777.0,1902.0,5761.0,7253.0,524.0,86000US32440,54866.0,20.72,1098.0,No
32442,3299.0,506.0,2857.0,3260.0,39.0,86000US32442,50852.0,15.08,493.0,No
32443,3165.0,1330.0,1798.0,3076.0,89.0,86000US32443,48864.0,23.85,755.0,No
32444,22163.0,2081.0,19581.0,20868.0,1295.0,86000US32444,82273.0,10.16,2249.0,No
32445,2497.0,910.0,1488.0,2171.0,326.0,86000US32445,34507.0,31.48,385.0,No
32446,11115.0,2533.0,8358.0,10581.0,534.0,86000US32446,56927.0,14.34,1387.0,No
32447,159.0,122.0,31.0,128.0,31.0,86000US32447,N/A,N/A,N/A,No
32448,8405.0,3079.0,5081.0,8246.0,159.0,86000US32448,42355.0,27.83,2307.0,No
32449,552.0,0.0,552.0,552.0,0.0,86000US32449,52813.0,1.09,6.0,No
32452,N/A,N/A,N/A,N/A,N/A,N/A,N/A,N/A,N/A,No
32454,N/A,N/A,N/A,N/A,N/A,N/A,N/A,N/A,N/A,No
32455,4081.0,82.0,3798.0,4043.0,38.0,86000US32455,49643.0,17.06,684.0,No
32456,8036.0,1277.0,6650.0,7856.0,180.0,86000US32456,60346.0,10.59,836.0,No
32457,N/A,N/A,N/A,N/A,N/A,N/A,N/A,N/A,N/A,No
32459,17213.0,329.0,16578.0,16260.0,953.0,86000US32459,96987.0,6.09,1045.0,No
32460,5690.0,1688.0,3902.0,5246.0,444.0,86000US32460,55425.0,15.67,537.0,No
32461,36.0,0.0,36.0,36.0,0.0,86000US32461,N/A,0.0,0.0,No
32462,3488.0,504.0,2754.0,3410.0,78.0,86000US32462,50000.0,19.58,683.0,No
32463,216.0,23.0,193.0,216.0,0.0,86000US32463,51250.0,28.7,62.0,No
32464,4367.0,61.0,4187.0,4265.0,102.0,86000US32464,57637.0,20.47,894.0,No
32465,7962.0,1518.0,6373.0,7446.0,516.0,86000US32465,54167.0,15.34,868.0,No
32466,5795.0,230.0,5503.0,5593.0,202.0,86000US32466,60960.0,5.83,336.0,No
32501,11134.0,6504.0,4655.0,10663.0,471.0,86000US32501,43352.0,30.84,3024.0,No
32502,3331.0,946.0,2592.0,3218.0,113.0,86000US32502,90694.0,18.25,608.0,No
32503,34233.0,10378.0,23019.0,32372.0,1861.0,86000US32503,62413.0,15.96,4687.0,No
32504,22562.0,4766.0,17696.0,21368.0,1194.0,86000US32504,71462.0,16.78,3745.0,No
32505,26354.0,12242.0,13869.0,25231.0,1123.0,86000US32505,42576.0,22.81,5944.0,No
32506,36664.0,7914.0,26457.0,34419.0,2245.0,86000US32506,60781.0,14.77,5391.0,No
32507,31036.0,6012.0,24031.0,29397.0,1639.0,86000US32507,65768.0,13.69,4178.0,No
32508,5383.0,686.0,4318.0,3958.0,1425.0,86000US32508,61518.0,7.05,85.0,No
32509,675.0,245.0,416.0,428.0,247.0,86000US32509,N/A,N/A,N/A,No
32511,1034.0,146.0,881.0,801.0,233.0,86000US32511,N/A,N/A,N/A,No
32512,N/A,N/A,N/A,N/A,N/A,N/A,N/A,N/A,N/A,No
32513,N/A,N/A,N/A,N/A,N/A,N/A,N/A,N/A,N/A,No
32514,42444.0,9419.0,31292.0,38693.0,3751.0,86000US32514,59274.0,16.48,6605.0,No
32516,N/A,N/A,N/A,N/A,N/A,N/A,N/A,N/A,N/A,No
32520,N/A,N/A,N/A,N/A,N/A,N/A,N/A,N/A,N/A,No
32521,N/A,N/A,N/A,N/A,N/A,N/A,N/A,N/A,N/A,No
32522,N/A,N/A,N/A,N/A,N/A,N/A,N/A,N/A,N/A,No
32523,N/A,N/A,N/A,N/A,N/A,N/A,N/A,N/A,N/A,No
32524,N/A,N/A,N/A,N/A,N/A,N/A,N/A,N/A,N/A,No
32526,37470.0,5962.0,30116.0,36309.0,1161.0,86000US32526,70477.0,6.0,2221.0,No
32530,40.0,0.0,40.0,40.0,0.0,86000US32530,N/A,0.0,0.0,No
32531,5526.0,103.0,5385.0,5482.0,44.0,86000US32531,65987.0,17.92,987.0,No
32533,29713.0,5134.0,23881.0,28792.0,921.0,86000US32533,83685.0,5.27,1553.0,No
32534,14742.0,4023.0,10053.0,13725.0,1017.0,86000US32534,66546.0,13.72,2010.0,No
32535,6094.0,2036.0,4033.0,5855.0,239.0,86000US32535,63269.0,12.8,561.0,No
32536,24105.0,3729.0,20201.0,21771.0,2334.0,86000US32536,81563.0,10.21,2451.0,No
32537,N/A,N/A,N/A,N/A,N/A,N/A,N/A,N/A,N/A,No
32538,N/A,N/A,N/A,N/A,N/A,N/A,N/A,N/A,N/A,No
32539,30131.0,4260.0,24934.0,27955.0,2176.0,86000US32539,63845.0,13.66,3761.0,No
32540,N/A,N/A,N/A,N/A,N/A,N/A,N/A,N/A,N/A,No
32541,19066.0,718.0,16994.0,17307.0,1759.0,86000US32541,95000.0,8.43,1592.0,No
32542,3128.0,602.0,2379.0,2551.0,577.0,86000US32542,49330.0,19.24,398.0,No
32544,1962.0,264.0,1483.0,1704.0,258.0,86000US32544,38750.0,10.55,116.0,No
32547,34330.0,5082.0,25325.0,29668.0,4662.0,86000US32547,61490.0,13.26,4503.0,No
32548,21708.0,3643.0,16799.0,19681.0,2027.0,86000US32548,69804.0,15.16,3268.0,No
32549,N/A,N/A,N/A,N/A,N/A,N/A,N/A,N/A,N/A,No
32550,7978.0,398.0,7245.0,7715.0,263.0,86000US32550,92813.0,8.26,653.0,No
32559,N/A,N/A,N/A,N/A,N/A,N/A,N/A,N/A,N/A,No
32560,N/A,N/A,N/A,N/A,N/A,N/A,N/A,N/A,N/A,No
32561,9925.0,126.0,9431.0,9574.0,351.0,86000US32561,120822.0,5.8,573.0,No
32562,N/A,N/A,N/A,N/A,N/A,N/A,N/A,N/A,N/A,No
32563,25912.0,823.0,24207.0,24793.0,1119.0,86000US32563,85900.0,5.86,1502.0,No
32564,2959.0,18.0,2876.0,2829.0,130.0,86000US32564,79545.0,9.69,282.0,No
32565,5014.0,160.0,4754.0,4995.0,19.0,86000US32565,66349.0,7.04,345.0,No
32566,40232.0,3982.0,34487.0,36559.0,3673.0,86000US32566,87114.0,9.53,3823.0,No
32567,3099.0,363.0,2750.0,3026.0,73.0,86000US32567,62452.0,13.52,418.0,No
32568,2853.0,47.0,2631.0,2824.0,29.0,86000US32568,61591.0,11.29,322.0,No
32569,12657.0,1526.0,10000.0,11119.0,1538.0,86000US32569,78701.0,7.75,981.0,No
32570,31341.0,2788.0,27639.0,29746.0,1595.0,86000US32570,64775.0,13.79,4256.0,No
32571,35520.0,1350.0,33223.0,34063.0,1457.0,86000US32571,80223.0,8.96,3167.0,No
32572,N/A,N/A,N/A,N/A,N/A,N/A,N/A,N/A,N/A,No
32577,4390.0,172.0,4184.0,4293.0,97.0,86000US32577,75430.0,6.65,292.0,No
32578,33130.0,2047.0,29475.0,31250.0,1880.0,86000US32578,103261.0,4.95,1636.0,No
32579,10338.0,961.0,8583.0,9219.0,1119.0,86000US32579,93816.0,9.58,984.0,No
32580,4491.0,644.0,3908.0,4178.0,313.0,86000US32580,73342.0,13.46,570.0,No
32583,29365.0,3878.0,24637.0,27844.0,1521.0,86000US32583,67637.0,11.42,2722.0,No
32588,N/A,N/A,N/A,N/A,N/A,N/A,N/A,N/A,N/A,No
32590,N/A,N/A,N/A,N/A,N/A,N/A,N/A,N/A,N/A,No
32591,N/A,N/A,N/A,N/A,N/A,N/A,N/A,N/A,N/A,No
32592,N/A,N/A,N/A,N/A,N/A,N/A,N/A,N/A,N/A,No
32601,19363.0,4723.0,13536.0,17152.0,2211.0,86000US32601,74438.0,42.39,7652.0,No
32602,N/A,N/A,N/A,N/A,N/A,N/A,N/A,N/A,N/A,No
32603,6949.0,690.0,5385.0,6066.0,883.0,86000US32603,42366.0,53.88,1978.0,No
32604,N/A,N/A,N/A,N/A,N/A,N/A,N/A,N/A,N/A,No
32605,25556.0,3374.0,21447.0,22545.0,3011.0,86000US32605,94438.0,9.57,2439.0,No
32606,23442.0,2394.0,18464.0,21476.0,1966.0,86000US32606,94444.0,7.11,1659.0,No
32607,30214.0,6639.0,21302.0,26115.0,4099.0,86000US32607,76472.0,31.33,9393.0,No
32608,49659.0,7916.0,34904.0,43935.0,5724.0,86000US32608,78203.0,27.26,13365.0,No
32609,20105.0,8557.0,11107.0,18586.0,1519.0,86000US32609,48003.0,23.56,4492.0,No
32610,N/A,N/A,N/A,N/A,N/A,N/A,N/A,N/A,N/A,No
32611,N/A,N/A,N/A,N/A,N/A,N/A,N/A,N/A,N/A,No
32612,7164.0,771.0,5702.0,5903.0,1261.0,86000US32612,N/A,0.0,0.0,No
32613,N/A,N/A,N/A,N/A,N/A,N/A,N/A,N/A,N/A,No
32614,N/A,N/A,N/A,N/A,N/A,N/A,N/A,N/A,N/A,No
32615,13635.0,2897.0,10505.0,12599.0,1036.0,86000US32615,75217.0,12.09,1642.0,No
32616,1235.0,555.0,655.0,1100.0,135.0,86000US32616,33222.0,47.37,585.0,No
32617,4541.0,822.0,3572.0,4110.0,431.0,86000US32617,52432.0,19.93,905.0,No
32618,8264.0,1457.0,7042.0,8001.0,263.0,86000US32618,73425.0,12.22,1010.0,No
32619,5639.0,16.0,5606.0,5228.0,411.0,86000US32619,44709.0,21.25,1179.0,No
32621,4946.0,462.0,4433.0,4235.0,711.0,86000US32621,42692.0,12.43,597.0,No
32622,1032.0,105.0,923.0,1023.0,9.0,86000US32622,71625.0,21.39,219.0,No
32625,1686.0,0.0,1686.0,1686.0,0.0,86000US32625,58274.0,15.83,264.0,No
32626,8782.0,992.0,7677.0,8378.0,404.0,86000US32626,39416.0,26.22,2297.0,No
32627,N/A,N/A,N/A,N/A,N/A,N/A,N/A,N/A,N/A,No
32628,5380.0,1338.0,4059.0,5138.0,242.0,86000US32628,47500.0,18.79,707.0,No
32631,155.0,0.0,142.0,155.0,0.0,86000US32631,N/A,0.0,0.0,No
32633,N/A,N/A,N/A,N/A,N/A,N/A,N/A,N/A,N/A,No
32634,N/A,N/A,N/A,N/A,N/A,N/A,N/A,N/A,N/A,No
32635,N/A,N/A,N/A,N/A,N/A,N/A,N/A,N/A,N/A,No
32639,194.0,0.0,194.0,135.0,59.0,86000US32639,49250.0,0.0,0.0,No
32640,11299.0,2547.0,8639.0,10868.0,431.0,86000US32640,51419.0,16.07,1811.0,No
32641,14959.0,10645.0,4390.0,14436.0,523.0,86000US32641,43961.0,27.9,4035.0,No
32643,11666.0,1038.0,10507.0,10639.0,1027.0,86000US32643,72439.0,14.13,1646.0,No
32644,N/A,N/A,N/A,N/A,N/A,N/A,N/A,N/A,N/A,No
32648,392.0,24.0,373.0,388.0,4.0,86000US32648,60577.0,0.0,0.0,No
32653,14030.0,2562.0,10871.0,12855.0,1175.0,86000US32653,93232.0,10.42,1460.0,No
32654,N/A,N/A,N/A,N/A,N/A,N/A,N/A,N/A,N/A,No
32655,N/A,N/A,N/A,N/A,N/A,N/A,N/A,N/A,N/A,No
32656,15150.0,120.0,14864.0,14564.0,586.0,86000US32656,59261.0,12.51,1892.0,No
32658,375.0,98.0,312.0,254.0,121.0,86000US32658,71250.0,15.73,59.0,No
32662,N/A,N/A,N/A,N/A,N/A,N/A,N/A,N/A,N/A,No
32663,N/A,N/A,N/A,N/A,N/A,N/A,N/A,N/A,N/A,No
32664,391.0,0.0,391.0,383.0,8.0,86000US32664,51786.0,4.23,16.0,No
32666,6664.0,676.0,5967.0,6553.0,111.0,86000US32666,59250.0,17.3,1153.0,No
32667,4352.0,1138.0,3342.0,4227.0,125.0,86000US32667,83400.0,12.84,558.0,No
32668,4678.0,14.0,4650.0,4115.0,563.0,86000US32668,51058.0,15.07,705.0,No
32669,14037.0,2046.0,12107.0,12951.0,1086.0,86000US32669,81813.0,7.2,1010.0,No
32680,10139.0,323.0,9639.0,9711.0,428.0,86000US32680,41923.0,24.3,2438.0,No
32681,31.0,0.0,31.0,31.0,0.0,86000US32681,N/A,0.0,0.0,No
32683,268.0,3.0,265.0,268.0,0.0,86000US32683,N/A,36.57,98.0,No
32686,4737.0,1385.0,3383.0,4517.0,220.0,86000US32686,47629.0,16.71,786.0,No
32692,160.0,0.0,160.0,160.0,0.0,86000US32692,N/A,8.13,13.0,No
32693,11882.0,1327.0,10615.0,11265.0,617.0,86000US32693,48194.0,18.69,1961.0,No
32694,2023.0,335.0,1685.0,1980.0,43.0,86000US32694,64583.0,17.7,358.0,No
32696,12436.0,2080.0,10364.0,10944.0,1492.0,86000US32696,60085.0,19.49,2395.0,No
32697,253.0,19.0,245.0,231.0,22.0,86000US32697,27292.0,37.94,96.0,No
32701,22940.0,4771.0,16183.0,17342.0,5598.0,86000US32701,65795.0,14.59,3317.0,No
32702,2796.0,204.0,2556.0,2668.0,128.0,86000US32702,59125.0,22.82,622.0,No
32703,53763.0,14885.0,34544.0,37542.0,16221.0,86000US32703,59069.0,15.6,8308.0,No
32704,N/A,N/A,N/A,N/A,N/A,N/A,N/A,N/A,N/A,No
32706,N/A,N/A,N/A,N/A,N/A,N/A,N/A,N/A,N/A,No
32707,36036.0,3623.0,29402.0,25798.0,10238.0,86000US32707,66137.0,14.35,5158.0,No
32708,45323.0,3231.0,38899.0,36100.0,9223.0,86000US32708,85779.0,8.17,3691.0,No
32709,1832.0,102.0,1730.0,1706.0,126.0,86000US32709,56889.0,4.53,83.0,No
32710,N/A,N/A,N/A,N/A,N/A,N/A,N/A,N/A,N/A,No
32712,48151.0,7687.0,36928.0,36093.0,12058.0,86000US32712,88214.0,8.31,3981.0,No
32713,20892.0,1277.0,19076.0,18388.0,2504.0,86000US32713,80923.0,9.01,1860.0,No
32714,37981.0,6668.0,29333.0,26076.0,11905.0,86000US32714,61869.0,12.01,4537.0,No
32715,N/A,N/A,N/A,N/A,N/A,N/A,N/A,N/A,N/A,No
32716,N/A,N/A,N/A,N/A,N/A,N/A,N/A,N/A,N/A,No
32718,N/A,N/A,N/A,N/A,N/A,N/A,N/A,N/A,N/A,No
32719,N/A,N/A,N/A,N/A,N/A,N/A,N/A,N/A,N/A,No
32720,32421.0,4431.0,26690.0,28292.0,4129.0,86000US32720,62601.0,13.14,4082.0,No
32721,N/A,N/A,N/A,N/A,N/A,N/A,N/A,N/A,N/A,No
32722,N/A,N/A,N/A,N/A,N/A,N/A,N/A,N/A,N/A,No
32723,N/A,N/A,N/A,N/A,N/A,N/A,N/A,N/A,N/A,No
32724,36961.0,3267.0,30982.0,30877.0,6084.0,86000US32724,65469.0,17.24,6169.0,No
32725,49923.0,6413.0,38466.0,30905.0,19018.0,86000US32725,58948.0,11.0,5460.0,No
32726,22485.0,5293.0,17315.0,19202.0,3283.0,86000US32726,53389.0,19.9,4406.0,No
32727,N/A,N/A,N/A,N/A,N/A,N/A,N/A,N/A,N/A,No
32728,N/A,N/A,N/A,N/A,N/A,N/A,N/A,N/A,N/A,No
32730,5943.0,760.0,4470.0,3882.0,2061.0,86000US32730,52438.0,17.49,1033.0,No
32732,4576.0,20.0,4499.0,4530.0,46.0,86000US32732,95143.0,7.91,362.0,No
32733,N/A,N/A,N/A,N/A,N/A,N/A,N/A,N/A,N/A,No
32735,4728.0,314.0,4381.0,4414.0,314.0,86000US32735,66518.0,3.32,157.0,No
32736,10848.0,338.0,10416.0,9755.0,1093.0,86000US32736,88464.0,5.78,625.0,No
32738,45611.0,6778.0,35619.0,30677.0,14934.0,86000US32738,57835.0,13.88,6321.0,No
32739,N/A,N/A,N/A,N/A,N/A,N/A,N/A,N/A,N/A,No
32744,3807.0,115.0,3508.0,3607.0,200.0,86000US32744,50750.0,9.94,375.0,No
32745,N/A,N/A,N/A,N/A,N/A,N/A,N/A,N/A,N/A,No
32746,45244.0,4161.0,35928.0,37845.0,7399.0,86000US32746,100412.0,6.67,2999.0,No
32747,N/A,N/A,N/A,N/A,N/A,N/A,N/A,N/A,N/A,No
32750,25025.0,2107.0,21752.0,21017.0,4008.0,86000US32750,83533.0,8.75,2167.0,No
32751,22471.0,3958.0,16976.0,19399.0,3072.0,86000US32751,94779.0,12.5,2787.0,No
32752,N/A,N/A,N/A,N/A,N/A,N/A,N/A,N/A,N/A,No
32753,N/A,N/A,N/A,N/A,N/A,N/A,N/A,N/A,N/A,No
32754,10984.0,791.0,10236.0,10639.0,345.0,86000US32754,59845.0,15.69,1719.0,No
32756,N/A,N/A,N/A,N/A,N/A,N/A,N/A,N/A,N/A,No
32757,27990.0,4622.0,22964.0,23418.0,4572.0,86000US32757,73319.0,12.71,3509.0,No
32759,3014.0,325.0,2700.0,2983.0,31.0,86000US32759,49890.0,22.1,666.0,No
32762,N/A,N/A,N/A,N/A,N/A,N/A,N/A,N/A,N/A,No
32763,23277.0,1842.0,19746.0,19237.0,4040.0,86000US32763,57535.0,12.19,2793.0,No
32764,3165.0,139.0,2988.0,3078.0,87.0,86000US32764,82019.0,7.27,230.0,No
32765,64268.0,6196.0,51770.0,52816.0,11452.0,86000US32765,100152.0,9.8,6209.0,No
32766,16855.0,1166.0,14711.0,12961.0,3894.0,86000US32766,116994.0,5.24,879.0,No
32767,3334.0,1.0,3324.0,3167.0,167.0,86000US32767,58854.0,17.13,569.0,No
32768,N/A,N/A,N/A,N/A,N/A,N/A,N/A,N/A,N/A,No
32771,56266.0,16518.0,34634.0,46118.0,10148.0,86000US32771,72919.0,15.42,8621.0,No
32772,N/A,N/A,N/A,N/A,N/A,N/A,N/A,N/A,N/A,No
32773,31225.0,7755.0,20499.0,21551.0,9674.0,86000US32773,50690.0,15.59,4731.0,No
32774,N/A,N/A,N/A,N/A,N/A,N/A,N/A,N/A,N/A,No
32775,N/A,N/A,N/A,N/A,N/A,N/A,N/A,N/A,N/A,No
32776,12029.0,962.0,10547.0,10223.0,1806.0,86000US32776,91070.0,6.31,756.0,No
32777,N/A,N/A,N/A,N/A,N/A,N/A,N/A,N/A,N/A,No
32778,22454.0,3056.0,18773.0,19794.0,2660.0,86000US32778,65179.0,11.24,2423.0,No
32779,29603.0,1456.0,26496.0,25507.0,4096.0,86000US32779,106607.0,6.21,1830.0,No
32780,36116.0,6072.0,29495.0,34008.0,2108.0,86000US32780,63372.0,14.81,5324.0,No
32781,N/A,N/A,N/A,N/A,N/A,N/A,N/A,N/A,N/A,No
32782,N/A,N/A,N/A,N/A,N/A,N/A,N/A,N/A,N/A,No
32783,N/A,N/A,N/A,N/A,N/A,N/A,N/A,N/A,N/A,No
32784,12371.0,710.0,11454.0,11339.0,1032.0,86000US32784,64682.0,12.85,1589.0,No
32789,26483.0,2057.0,23165.0,23111.0,3372.0,86000US32789,120480.0,7.77,1939.0,No
32790,N/A,N/A,N/A,N/A,N/A,N/A,N/A,N/A,N/A,No
32791,N/A,N/A,N/A,N/A,N/A,N/A,N/A,N/A,N/A,No
32792,51659.0,6107.0,40689.0,37841.0,13818.0,86000US32792,72796.0,16.83,8591.0,No
32793,N/A,N/A,N/A,N/A,N/A,N/A,N/A,N/A,N/A,No
32794,N/A,N/A,N/A,N/A,N/A,N/A,N/A,N/A,N/A,No
32795,N/A,N/A,N/A,N/A,N/A,N/A,N/A,N/A,N/A,No
32796,20609.0,2560.0,17665.0,19312.0,1297.0,86000US32796,63271.0,16.42,3341.0,No
32798,2882.0,142.0,2646.0,2359.0,523.0,86000US32798,71049.0,1.42,41.0,No
32799,N/A,N/A,N/A,N/A,N/A,N/A,N/A,N/A,N/A,No
32801,12243.0,1076.0,10071.0,9264.0,2979.0,86000US32801,85132.0,19.74,2366.0,No
32802,N/A,N/A,N/A,N/A,N/A,N/A,N/A,N/A,N/A,No
32803,20148.0,1175.0,17807.0,17089.0,3059.0,86000US32803,94286.0,8.74,1757.0,No
32804,18023.0,1364.0,15782.0,15737.0,2286.0,86000US32804,110000.0,10.33,1805.0,No
32805,18908.0,14558.0,3841.0,17178.0,1730.0,86000US32805,34597.0,27.43,5023.0,No
32806,27661.0,2007.0,24325.0,22875.0,4786.0,86000US32806,86801.0,13.67,3684.0,No
32807,34749.0,4638.0,26291.0,14111.0,20638.0,86000US32807,47782.0,18.02,6219.0,No
32808,59291.0,42640.0,11376.0,49959.0,9332.0,86000US32808,39534.0,27.19,15916.0,No
32809,29095.0,5169.0,19447.0,13312.0,15783.0,86000US32809,48875.0,20.58,5903.0,No
32810,37861.0,14125.0,20659.0,28412.0,9449.0,86000US32810,53801.0,17.57,6635.0,No
32811,41057.0,22870.0,14628.0,30973.0,10084.0,86000US32811,40608.0,21.56,8794.0,No
32812,35855.0,3577.0,28800.0,22403.0,13452.0,86000US32812,65552.0,15.34,5489.0,No
32814,8021.0,334.0,6854.0,6332.0,1689.0,86000US32814,154853.0,6.09,485.0,No
32815,N/A,N/A,N/A,N/A,N/A,N/A,N/A,N/A,N/A,No
32816,N/A,N/A,N/A,N/A,N/A,N/A,N/A,N/A,N/A,No
32817,35737.0,3458.0,26208.0,24706.0,11031.0,86000US32817,76061.0,18.49,6293.0,No
32818,58198.0,39752.0,12976.0,49324.0,8874.0,86000US32818,48196.0,20.93,12098.0,No
32819,27840.0,4407.0,19709.0,22439.0,5401.0,86000US32819,84033.0,9.82,2667.0,No
32820,10442.0,1596.0,8454.0,7179.0,3263.0,86000US32820,96119.0,11.14,1149.0,No
32821,17680.0,1458.0,13610.0,11968.0,5712.0,86000US32821,55613.0,11.85,2086.0,No
32822,61760.0,7216.0,49582.0,22828.0,38932.0,86000US32822,41930.0,22.81,14055.0,No
32824,46482.0,6972.0,32602.0,18152.0,28330.0,86000US32824,70311.0,9.65,4481.0,No
32825,61289.0,7051.0,46384.0,31488.0,29801.0,86000US32825,64437.0,14.07,8596.0,No
32826,35981.0,3392.0,30353.0,27030.0,8951.0,86000US32826,61791.0,22.3,4671.0,No
32827,9427.0,578.0,7702.0,5880.0,3547.0,86000US32827,100828.0,8.2,770.0,No
32828,69497.0,10222.0,52118.0,46060.0,23437.0,86000US32828,84268.0,11.18,7748.0,No
32829,20376.0,2924.0,15457.0,8798.0,11578.0,86000US32829,81549.0,6.92,1405.0,No
32830,6.0,0.0,6.0,0.0,6.0,86000US32830,N/A,0.0,0.0,No
32831,3228.0,1185.0,2058.0,2684.0,544.0,86000US32831,N/A,0.0,0.0,No
32832,27919.0,3190.0,22002.0,17364.0,10555.0,86000US32832,103342.0,6.86,1915.0,No
32833,9857.0,910.0,8167.0,7564.0,2293.0,86000US32833,75833.0,8.02,791.0,No
32834,N/A,N/A,N/A,N/A,N/A,N/A,N/A,N/A,N/A,No
32835,48078.0,11082.0,29169.0,35681.0,12397.0,86000US32835,64965.0,11.49,5494.0,No
32836,20053.0,919.0,14522.0,16367.0,3686.0,86000US32836,126733.0,6.68,1339.0,No
32837,51310.0,5100.0,34068.0,26750.0,24560.0,86000US32837,66614.0,12.56,6416.0,No
32839,52886.0,23365.0,24201.0,33379.0,19507.0,86000US32839,43554.0,20.79,10313.0,No
32853,N/A,N/A,N/A,N/A,N/A,N/A,N/A,N/A,N/A,No
32854,N/A,N/A,N/A,N/A,N/A,N/A,N/A,N/A,N/A,No
32855,N/A,N/A,N/A,N/A,N/A,N/A,N/A,N/A,N/A,No
32856,N/A,N/A,N/A,N/A,N/A,N/A,N/A,N/A,N/A,No
32857,N/A,N/A,N/A,N/A,N/A,N/A,N/A,N/A,N/A,No
32858,N/A,N/A,N/A,N/A,N/A,N/A,N/A,N/A,N/A,No
32859,N/A,N/A,N/A,N/A,N/A,N/A,N/A,N/A,N/A,No
32860,N/A,N/A,N/A,N/A,N/A,N/A,N/A,N/A,N/A,No
32861,N/A,N/A,N/A,N/A,N/A,N/A,N/A,N/A,N/A,No
32862,N/A,N/A,N/A,N/A,N/A,N/A,N/A,N/A,N/A,No
32867,N/A,N/A,N/A,N/A,N/A,N/A,N/A,N/A,N/A,No
32868,N/A,N/A,N/A,N/A,N/A,N/A,N/A,N/A,N/A,No
32869,N/A,N/A,N/A,N/A,N/A,N/A,N/A,N/A,N/A,No
32872,N/A,N/A,N/A,N/A,N/A,N/A,N/A,N/A,N/A,No
32877,N/A,N/A,N/A,N/A,N/A,N/A,N/A,N/A,N/A,No
32878,N/A,N/A,N/A,N/A,N/A,N/A,N/A,N/A,N/A,No
32885,N/A,N/A,N/A,N/A,N/A,N/A,N/A,N/A,N/A,No
32886,N/A,N/A,N/A,N/A,N/A,N/A,N/A,N/A,N/A,No
32887,N/A,N/A,N/A,N/A,N/A,N/A,N/A,N/A,N/A,No
32890,N/A,N/A,N/A,N/A,N/A,N/A,N/A,N/A,N/A,No
32891,N/A,N/A,N/A,N/A,N/A,N/A,N/A,N/A,N/A,No
32893,N/A,N/A,N/A,N/A,N/A,N/A,N/A,N/A,N/A,No
32896,N/A,N/A,N/A,N/A,N/A,N/A,N/A,N/A,N/A,No
32897,N/A,N/A,N/A,N/A,N/A,N/A,N/A,N/A,N/A,No
32898,N/A,N/A,N/A,N/A,N/A,N/A,N/A,N/A,N/A,No
32899,N/A,N/A,N/A,N/A,N/A,N/A,N/A,N/A,N/A,No
32901,25089.0,5045.0,18638.0,22494.0,2595.0,86000US32901,50587.0,22.65,5230.0,No
32902,N/A,N/A,N/A,N/A,N/A,N/A,N/A,N/A,N/A,No
32903,14557.0,151.0,13973.0,13870.0,687.0,86000US32903,109077.0,6.17,896.0,No
32904,32138.0,1914.0,28072.0,28995.0,3143.0,86000US32904,80522.0,10.58,3359.0,No
32905,23302.0,3837.0,18627.0,19886.0,3416.0,86000US32905,53766.0,17.68,4066.0,No
32906,N/A,N/A,N/A,N/A,N/A,N/A,N/A,N/A,N/A,No
32907,45037.0,9357.0,34196.0,36945.0,8092.0,86000US32907,59815.0,9.88,4422.0,No
32908,13397.0,2914.0,10546.0,11001.0,2396.0,86000US32908,52981.0,15.92,2133.0,No
32909,31251.0,6746.0,23634.0,25879.0,5372.0,86000US32909,56897.0,13.34,4139.0,No
32910,N/A,N/A,N/A,N/A,N/A,N/A,N/A,N/A,N/A,No
32911,N/A,N/A,N/A,N/A,N/A,N/A,N/A,N/A,N/A,No
32912,N/A,N/A,N/A,N/A,N/A,N/A,N/A,N/A,N/A,No
32919,N/A,N/A,N/A,N/A,N/A,N/A,N/A,N/A,N/A,No
32920,10283.0,269.0,9887.0,9834.0,449.0,86000US32920,72461.0,10.08,1030.0,No
32922,16709.0,7176.0,9251.0,13637.0,3072.0,86000US32922,41491.0,28.67,4788.0,No
32923,N/A,N/A,N/A,N/A,N/A,N/A,N/A,N/A,N/A,No
32924,N/A,N/A,N/A,N/A,N/A,N/A,N/A,N/A,N/A,No
32925,1533.0,192.0,1183.0,1255.0,278.0,86000US32925,52167.0,11.39,154.0,No
32926,21915.0,2886.0,18403.0,20510.0,1405.0,86000US32926,62067.0,13.35,2827.0,No
32927,27377.0,2981.0,25041.0,25717.0,1660.0,86000US32927,70776.0,12.13,3275.0,No
32931,13771.0,132.0,13247.0,12839.0,932.0,86000US32931,97833.0,5.86,806.0,No
32932,N/A,N/A,N/A,N/A,N/A,N/A,N/A,N/A,N/A,No
32934,19105.0,672.0,17251.0,17058.0,2047.0,86000US32934,101526.0,5.92,1121.0,No
32935,41209.0,3933.0,36215.0,36264.0,4945.0,86000US32935,61370.0,14.99,6153.0,No
32936,N/A,N/A,N/A,N/A,N/A,N/A,N/A,N/A,N/A,No
32937,27551.0,873.0,25962.0,25214.0,2337.0,86000US32937,92177.0,8.16,2244.0,No
32940,42171.0,1963.0,38102.0,37288.0,4883.0,86000US32940,89569.0,4.99,2085.0,No
32941,N/A,N/A,N/A,N/A,N/A,N/A,N/A,N/A,N/A,No
32948,7564.0,686.0,6462.0,2629.0,4935.0,86000US32948,44915.0,13.3,1006.0,No
32949,2468.0,71.0,2379.0,2129.0,339.0,86000US32949,89028.0,3.65,90.0,No
32950,4522.0,335.0,4270.0,4297.0,225.0,86000US32950,82656.0,9.5,429.0,No
32951,11974.0,23.0,11714.0,11481.0,493.0,86000US32951,86532.0,5.33,638.0,No
32952,20966.0,446.0,20130.0,19506.0,1460.0,86000US32952,93429.0,7.03,1462.0,No
32953,23939.0,1708.0,21740.0,21721.0,2218.0,86000US32953,81617.0,12.88,3033.0,No
32954,N/A,N/A,N/A,N/A,N/A,N/A,N/A,N/A,N/A,No
32955,38889.0,5198.0,32667.0,35125.0,3764.0,86000US32955,85536.0,7.04,2722.0,No
32956,N/A,N/A,N/A,N/A,N/A,N/A,N/A,N/A,N/A,No
32957,N/A,N/A,N/A,N/A,N/A,N/A,N/A,N/A,N/A,No
32958,28617.0,1537.0,27016.0,27078.0,1539.0,86000US32958,64081.0,11.31,3236.0,No
32959,N/A,N/A,N/A,N/A,N/A,N/A,N/A,N/A,N/A,No
32960,22036.0,2600.0,18768.0,19783.0,2253.0,86000US32960,60515.0,13.64,2862.0,No
32961,N/A,N/A,N/A,N/A,N/A,N/A,N/A,N/A,N/A,No
32962,26459.0,2506.0,23529.0,20912.0,5547.0,86000US32962,59177.0,11.3,2988.0,No
32963,15027.0,83.0,14807.0,14432.0,595.0,86000US32963,147973.0,4.05,608.0,No
32964,N/A,N/A,N/A,N/A,N/A,N/A,N/A,N/A,N/A,No
32965,N/A,N/A,N/A,N/A,N/A,N/A,N/A,N/A,N/A,No
32966,18462.0,766.0,17332.0,16832.0,1630.0,86000US32966,66760.0,9.02,1651.0,No
32967,22319.0,6000.0,16195.0,20492.0,1827.0,86000US32967,65222.0,18.38,4103.0,No
32968,13154.0,532.0,12089.0,12417.0,737.0,86000US32968,85125.0,6.19,793.0,No
32969,N/A,N/A,N/A,N/A,N/A,N/A,N/A,N/A,N/A,No
32970,369.0,369.0,0.0,369.0,0.0,86000US32970,N/A,46.34,171.0,No
32971,N/A,N/A,N/A,N/A,N/A,N/A,N/A,N/A,N/A,No
32976,9092.0,0.0,9025.0,8769.0,323.0,86000US32976,45635.0,11.41,1037.0,No
32978,N/A,N/A,N/A,N/A,N/A,N/A,N/A,N/A,N/A,No
33001,331.0,0.0,302.0,261.0,70.0,86000US33001,70083.0,20.54,68.0,No
33002,N/A,N/A,N/A,N/A,N/A,N/A,N/A,N/A,N/A,No
33004,16082.0,4925.0,10798.0,12247.0,3835.0,86000US33004,57440.0,18.94,3014.0,No
33008,N/A,N/A,N/A,N/A,N/A,N/A,N/A,N/A,N/A,No
33009,41578.0,8354.0,31632.0,26504.0,15074.0,86000US33009,46695.0,20.18,8372.0,No
33010,45246.0,1810.0,40234.0,2119.0,43127.0,86000US33010,36846.0,21.91,9826.0,No
33011,N/A,N/A,N/A,N/A,N/A,N/A,N/A,N/A,N/A,No
33012,73828.0,1336.0,69970.0,2795.0,71033.0,86000US33012,38052.0,25.65,18879.0,No
33013,31712.0,788.0,30376.0,1190.0,30522.0,86000US33013,46370.0,23.04,7248.0,No
33014,41924.0,1444.0,38510.0,4169.0,37755.0,86000US33014,46555.0,20.29,8494.0,No
33015,67191.0,6346.0,56290.0,9906.0,57285.0,86000US33015,57520.0,14.59,9783.0,No
33016,51700.0,1378.0,47700.0,2761.0,48939.0,86000US33016,52732.0,16.15,8328.0,No
33017,N/A,N/A,N/A,N/A,N/A,N/A,N/A,N/A,N/A,No
33018,53419.0,845.0,49694.0,2530.0,50889.0,86000US33018,68629.0,9.44,5039.0,No
33019,13729.0,416.0,13114.0,10117.0,3612.0,86000US33019,108832.0,8.84,1210.0,No
33020,45147.0,14414.0,30546.0,30360.0,14787.0,86000US33020,50946.0,18.56,8246.0,No
33021,49941.0,9374.0,38681.0,33058.0,16883.0,86000US33021,69468.0,9.61,4723.0,No
33022,N/A,N/A,N/A,N/A,N/A,N/A,N/A,N/A,N/A,No
33023,73973.0,40083.0,29641.0,50105.0,23868.0,86000US33023,54309.0,15.2,11209.0,No
33024,76508.0,14911.0,46528.0,36021.0,40487.0,86000US33024,69245.0,10.55,8056.0,No
33025,73428.0,40441.0,29598.0,50103.0,23325.0,86000US33025,66098.0,11.94,8696.0,No
33026,31891.0,4810.0,24101.0,18616.0,13275.0,86000US33026,93990.0,6.83,2171.0,No
33027,60679.0,14519.0,40205.0,32666.0,28013.0,86000US33027,82806.0,11.86,7199.0,No
33028,26848.0,4642.0,19310.0,15298.0,11550.0,86000US33028,109199.0,4.35,1166.0,No
33029,48161.0,8655.0,36295.0,26000.0,22161.0,86000US33029,117723.0,5.23,2513.0,No
33030,35303.0,5889.0,25427.0,9822.0,25481.0,86000US33030,37761.0,28.56,9993.0,No
33031,7124.0,423.0,6494.0,3180.0,3944.0,86000US33031,83239.0,5.8,413.0,No
33032,50135.0,15443.0,33847.0,16975.0,33160.0,86000US33032,52833.0,19.66,9815.0,No
33033,58427.0,11633.0,45778.0,15996.0,42431.0,86000US33033,47500.0,22.26,12949.0,No
33034,22142.0,9105.0,12584.0,10469.0,11673.0,86000US33034,31250.0,41.48,8106.0,No
33035,16159.0,5008.0,11823.0,6901.0,9258.0,86000US33035,70528.0,18.51,2973.0,No
33036,3496.0,7.0,3333.0,3093.0,403.0,86000US33036,93750.0,9.6,333.0,No
33037,10816.0,158.0,10431.0,8404.0,2412.0,86000US33037,74441.0,15.93,1720.0,No
33039,280.0,30.0,250.0,30.0,250.0,86000US33039,89432.0,21.43,60.0,No
33040,34471.0,4684.0,28235.0,24761.0,9710.0,86000US33040,80682.0,11.13,3732.0,No
33041,N/A,N/A,N/A,N/A,N/A,N/A,N/A,N/A,N/A,No
33042,6623.0,156.0,6416.0,6120.0,503.0,86000US33042,101921.0,7.06,466.0,No
33043,4933.0,110.0,4785.0,4134.0,799.0,86000US33043,89125.0,11.0,535.0,No
33045,N/A,N/A,N/A,N/A,N/A,N/A,N/A,N/A,N/A,No
33050,9443.0,646.0,8615.0,6200.0,3243.0,86000US33050,67708.0,11.56,1085.0,No
33051,534.0,25.0,509.0,483.0,51.0,86000US33051,120875.0,0.75,4.0,No
33052,N/A,N/A,N/A,N/A,N/A,N/A,N/A,N/A,N/A,No
33054,31797.0,21335.0,9149.0,21563.0,10234.0,86000US33054,33100.0,34.82,10708.0,No
33055,40883.0,12577.0,26350.0,14052.0,26831.0,86000US33055,48644.0,20.44,8248.0,No
33056,36110.0,29593.0,6080.0,28858.0,7252.0,86000US33056,46568.0,22.7,8153.0,No
33060,37612.0,16299.0,20694.0,29198.0,8414.0,86000US33060,48977.0,25.27,9380.0,No
33061,N/A,N/A,N/A,N/A,N/A,N/A,N/A,N/A,N/A,No
33062,22692.0,705.0,21644.0,19938.0,2754.0,86000US33062,90588.0,10.5,2362.0,No
33063,54707.0,14588.0,37081.0,38765.0,15942.0,86000US33063,61284.0,11.8,6420.0,No
33064,61293.0,19207.0,39869.0,46580.0,14713.0,86000US33064,57354.0,18.42,11035.0,No
33065,58171.0,19054.0,34944.0,39233.0,18938.0,86000US33065,60707.0,14.06,8134.0,No
33066,16752.0,2948.0,13685.0,14648.0,2104.0,86000US33066,68128.0,8.65,1448.0,No
33067,27358.0,4439.0,20766.0,21442.0,5916.0,86000US33067,124747.0,3.55,968.0,No
33068,52749.0,31771.0,18406.0,39933.0,12816.0,86000US33068,54069.0,18.19,9567.0,No
33069,28138.0,12304.0,15111.0,22216.0,5922.0,86000US33069,58622.0,14.82,3725.0,No
33070,5132.0,45.0,4929.0,3884.0,1248.0,86000US33070,105547.0,4.34,217.0,No
33071,39402.0,7835.0,29722.0,27804.0,11598.0,86000US33071,100531.0,9.04,3556.0,No
33072,N/A,N/A,N/A,N/A,N/A,N/A,N/A,N/A,N/A,No
33073,35378.0,6015.0,28452.0,25714.0,9664.0,86000US33073,79277.0,7.69,2678.0,No
33074,N/A,N/A,N/A,N/A,N/A,N/A,N/A,N/A,N/A,No
33075,N/A,N/A,N/A,N/A,N/A,N/A,N/A,N/A,N/A,No
33076,39091.0,3761.0,31257.0,30937.0,8154.0,86000US33076,142332.0,4.61,1797.0,No
33077,N/A,N/A,N/A,N/A,N/A,N/A,N/A,N/A,N/A,No
33081,N/A,N/A,N/A,N/A,N/A,N/A,N/A,N/A,N/A,No
33082,N/A,N/A,N/A,N/A,N/A,N/A,N/A,N/A,N/A,No
33083,N/A,N/A,N/A,N/A,N/A,N/A,N/A,N/A,N/A,No
33084,N/A,N/A,N/A,N/A,N/A,N/A,N/A,N/A,N/A,No
33090,N/A,N/A,N/A,N/A,N/A,N/A,N/A,N/A,N/A,No
33092,N/A,N/A,N/A,N/A,N/A,N/A,N/A,N/A,N/A,No
33093,N/A,N/A,N/A,N/A,N/A,N/A,N/A,N/A,N/A,No
33093,N/A,N/A,N/A,N/A,N/A,N/A,N/A,N/A,N/A,No
33097,N/A,N/A,N/A,N/A,N/A,N/A,N/A,N/A,N/A,No
33101,0.0,0.0,0.0,0.0,0.0,86000US33101,N/A,N/A,N/A,No
33102,N/A,N/A,N/A,N/A,N/A,N/A,N/A,N/A,N/A,No
33107,N/A,N/A,N/A,N/A,N/A,N/A,N/A,N/A,N/A,No
33109,408.0,0.0,391.0,350.0,58.0,86000US33109,N/A,10.29,42.0,No
33110,N/A,N/A,N/A,N/A,N/A,N/A,N/A,N/A,N/A,No
33111,N/A,N/A,N/A,N/A,N/A,N/A,N/A,N/A,N/A,No
33112,N/A,N/A,N/A,N/A,N/A,N/A,N/A,N/A,N/A,No
33114,N/A,N/A,N/A,N/A,N/A,N/A,N/A,N/A,N/A,No
33116,N/A,N/A,N/A,N/A,N/A,N/A,N/A,N/A,N/A,No
33119,N/A,N/A,N/A,N/A,N/A,N/A,N/A,N/A,N/A,No
33121,N/A,N/A,N/A,N/A,N/A,N/A,N/A,N/A,N/A,No
33122,205.0,12.0,132.0,71.0,134.0,86000US33122,N/A,10.73,22.0,No
33124,N/A,N/A,N/A,N/A,N/A,N/A,N/A,N/A,N/A,No
33125,61156.0,4912.0,54609.0,5195.0,55961.0,86000US33125,33606.0,29.79,17484.0,No
33126,52986.0,1261.0,50874.0,2374.0,50612.0,86000US33126,41600.0,21.54,11373.0,No
33127,31902.0,15419.0,12251.0,15245.0,16657.0,86000US33127,37716.0,31.59,9916.0,No
33128,7992.0,896.0,6996.0,734.0,7258.0,86000US33128,26481.0,32.83,2478.0,No
33129,13750.0,370.0,12841.0,4361.0,9389.0,86000US33129,96176.0,12.95,1780.0,No
33130,29737.0,1588.0,26951.0,5149.0,24588.0,86000US33130,38175.0,23.89,7064.0,No
33131,18477.0,630.0,16623.0,8263.0,10214.0,86000US33131,122077.0,8.24,1522.0,No
33132,13849.0,1872.0,11083.0,6668.0,7181.0,86000US33132,100320.0,12.87,1614.0,No
33133,35592.0,3934.0,30484.0,14699.0,20893.0,86000US33133,73523.0,15.01,5330.0,No
33134,40265.0,902.0,38589.0,8437.0,31828.0,86000US33134,94786.0,10.48,4206.0,No
33135,38920.0,1416.0,37029.0,1873.0,37047.0,86000US33135,30983.0,26.12,10110.0,No
33136,15848.0,8230.0,7366.0,8297.0,7551.0,86000US33136,30618.0,37.56,5839.0,No
33137,22955.0,5144.0,16198.0,10958.0,11997.0,86000US33137,71164.0,15.65,3520.0,No
33138,30221.0,11079.0,17454.0,18502.0,11719.0,86000US33138,60076.0,16.56,4988.0,No
33139,39427.0,2315.0,28473.0,18912.0,20515.0,86000US33139,70253.0,15.45,5999.0,No
33140,19938.0,618.0,17474.0,10037.0,9901.0,86000US33140,109531.0,7.88,1554.0,No
33141,39768.0,2561.0,29047.0,13347.0,26421.0,86000US33141,57092.0,14.41,5704.0,No
33142,59073.0,21101.0,31442.0,21265.0,37808.0,86000US33142,33345.0,34.06,19866.0,No
33143,31056.0,2430.0,27109.0,12043.0,19013.0,86000US33143,101000.0,11.17,3454.0,No
33144,29344.0,1060.0,27986.0,1769.0,27575.0,86000US33144,52059.0,12.5,3656.0,No
33145,30713.0,1189.0,28608.0,4939.0,25774.0,86000US33145,60873.0,12.04,3686.0,No
33146,16473.0,892.0,14991.0,8768.0,7705.0,86000US33146,177067.0,7.91,931.0,No
33147,47811.0,29315.0,14856.0,28412.0,19399.0,86000US33147,36743.0,28.77,13687.0,No
33148,N/A,N/A,N/A,N/A,N/A,N/A,N/A,N/A,N/A,No
33149,12943.0,116.0,12624.0,3962.0,8981.0,86000US33149,180640.0,4.89,633.0,No
33150,29652.0,22321.0,4932.0,22625.0,7027.0,86000US33150,36719.0,29.91,8775.0,No
33151,N/A,N/A,N/A,N/A,N/A,N/A,N/A,N/A,N/A,No
33152,N/A,N/A,N/A,N/A,N/A,N/A,N/A,N/A,N/A,No
33153,N/A,N/A,N/A,N/A,N/A,N/A,N/A,N/A,N/A,No
33154,14634.0,416.0,12752.0,8301.0,6333.0,86000US33154,100589.0,11.59,1696.0,No
33155,46617.0,1392.0,44832.0,7022.0,39595.0,86000US33155,76987.0,12.74,5902.0,No
33156,33514.0,1146.0,30205.0,15318.0,18196.0,86000US33156,155366.0,7.63,2555.0,No
33157,67455.0,14614.0,48995.0,31487.0,35968.0,86000US33157,70447.0,13.67,9155.0,No
33158,6469.0,345.0,5802.0,4200.0,2269.0,86000US33158,184712.0,1.96,127.0,No
33159,N/A,N/A,N/A,N/A,N/A,N/A,N/A,N/A,N/A,No
33160,39615.0,2143.0,35906.0,21196.0,18419.0,86000US33160,77376.0,11.82,4668.0,No
33161,56130.0,35970.0,17488.0,41209.0,14921.0,86000US33161,43391.0,23.12,12525.0,No
33162,47123.0,25884.0,18089.0,33844.0,13279.0,86000US33162,48996.0,16.93,7936.0,No
33163,N/A,N/A,N/A,N/A,N/A,N/A,N/A,N/A,N/A,No
33164,N/A,N/A,N/A,N/A,N/A,N/A,N/A,N/A,N/A,No
33165,55822.0,1062.0,53682.0,5101.0,50721.0,86000US33165,61366.0,14.03,7804.0,No
33166,24346.0,1211.0,22007.0,5579.0,18767.0,86000US33166,59189.0,12.49,2810.0,No
33167,20582.0,13877.0,5672.0,13518.0,7064.0,86000US33167,43498.0,21.06,4334.0,No
33168,27414.0,19240.0,7224.0,20507.0,6907.0,86000US33168,49428.0,16.34,4415.0,No
33169,41626.0,34004.0,6524.0,36146.0,5480.0,86000US33169,50124.0,17.77,7336.0,No
33170,14121.0,4473.0,9367.0,6199.0,7922.0,86000US33170,44654.0,21.79,3049.0,No
33172,43356.0,783.0,41155.0,2915.0,40441.0,86000US33172,51775.0,12.69,5492.0,No
33173,33089.0,330.0,29816.0,6679.0,26410.0,86000US33173,80685.0,10.68,3499.0,No
33174,34403.0,1703.0,31258.0,4434.0,29969.0,86000US33174,59488.0,14.18,4475.0,No
33175,53348.0,750.0,51621.0,4001.0,49347.0,86000US33175,62779.0,12.41,6604.0,No
33176,52288.0,8937.0,41001.0,19584.0,32704.0,86000US33176,88375.0,9.12,4744.0,No
33177,57526.0,7192.0,46589.0,13060.0,44466.0,86000US33177,62131.0,12.74,7138.0,No
33178,52206.0,1411.0,48770.0,7831.0,44375.0,86000US33178,80114.0,13.02,6791.0,No
33179,44341.0,18749.0,23774.0,28089.0,16252.0,86000US33179,58475.0,11.48,5068.0,No
33180,32441.0,1019.0,30689.0,19751.0,12690.0,86000US33180,100599.0,8.09,2605.0,No
33181,20111.0,6841.0,12442.0,11303.0,8808.0,86000US33181,54375.0,15.86,3131.0,No
33182,16607.0,1312.0,14992.0,2502.0,14105.0,86000US33182,83110.0,5.62,775.0,No
33183,36725.0,1033.0,34466.0,4979.0,31746.0,86000US33183,65737.0,13.34,4881.0,No
33184,21785.0,443.0,21031.0,1270.0,20515.0,86000US33184,60990.0,10.13,2207.0,No
33185,31359.0,555.0,28268.0,3029.0,28330.0,86000US33185,89825.0,7.48,2341.0,No
33186,68581.0,4397.0,59756.0,22157.0,46424.0,86000US33186,73533.0,11.73,8017.0,No
33187,19392.0,1814.0,16340.0,5154.0,14238.0,86000US33187,82485.0,8.05,1557.0,No
33188,N/A,N/A,N/A,N/A,N/A,N/A,N/A,N/A,N/A,No
33189,25298.0,4564.0,19046.0,9710.0,15588.0,86000US33189,66635.0,11.17,2818.0,No
33190,16147.0,3290.0,12336.0,5288.0,10859.0,86000US33190,63200.0,13.4,2157.0,No
33193,49999.0,1221.0,46426.0,5347.0,44652.0,86000US33193,64294.0,13.57,6761.0,No
33194,8081.0,1162.0,6476.0,2524.0,5557.0,86000US33194,120456.0,7.03,432.0,No
33195,N/A,N/A,N/A,N/A,N/A,N/A,N/A,N/A,N/A,No
33196,53047.0,3218.0,43587.0,10709.0,42338.0,86000US33196,80442.0,9.34,4952.0,No
33197,N/A,N/A,N/A,N/A,N/A,N/A,N/A,N/A,N/A,No
33199,N/A,N/A,N/A,N/A,N/A,N/A,N/A,N/A,N/A,No
33231,N/A,N/A,N/A,N/A,N/A,N/A,N/A,N/A,N/A,No
33233,N/A,N/A,N/A,N/A,N/A,N/A,N/A,N/A,N/A,No
33234,N/A,N/A,N/A,N/A,N/A,N/A,N/A,N/A,N/A,No
33238,N/A,N/A,N/A,N/A,N/A,N/A,N/A,N/A,N/A,No
33239,N/A,N/A,N/A,N/A,N/A,N/A,N/A,N/A,N/A,No
33242,N/A,N/A,N/A,N/A,N/A,N/A,N/A,N/A,N/A,No
33243,N/A,N/A,N/A,N/A,N/A,N/A,N/A,N/A,N/A,No
33245,N/A,N/A,N/A,N/A,N/A,N/A,N/A,N/A,N/A,No
33247,N/A,N/A,N/A,N/A,N/A,N/A,N/A,N/A,N/A,No
33255,N/A,N/A,N/A,N/A,N/A,N/A,N/A,N/A,N/A,No
33256,N/A,N/A,N/A,N/A,N/A,N/A,N/A,N/A,N/A,No
33257,N/A,N/A,N/A,N/A,N/A,N/A,N/A,N/A,N/A,No
33261,N/A,N/A,N/A,N/A,N/A,N/A,N/A,N/A,N/A,No
33265,N/A,N/A,N/A,N/A,N/A,N/A,N/A,N/A,N/A,No
33266,N/A,N/A,N/A,N/A,N/A,N/A,N/A,N/A,N/A,No
33269,N/A,N/A,N/A,N/A,N/A,N/A,N/A,N/A,N/A,No
33280,N/A,N/A,N/A,N/A,N/A,N/A,N/A,N/A,N/A,No
33283,N/A,N/A,N/A,N/A,N/A,N/A,N/A,N/A,N/A,No
33296,N/A,N/A,N/A,N/A,N/A,N/A,N/A,N/A,N/A,No
33299,N/A,N/A,N/A,N/A,N/A,N/A,N/A,N/A,N/A,No
33301,14988.0,1449.0,13127.0,12744.0,2244.0,86000US33301,147589.0,5.2,739.0,No
33302,N/A,N/A,N/A,N/A,N/A,N/A,N/A,N/A,N/A,No
33303,N/A,N/A,N/A,N/A,N/A,N/A,N/A,N/A,N/A,No
33304,18351.0,3547.0,14255.0,15185.0,3166.0,86000US33304,80788.0,16.52,3025.0,No
33305,12222.0,670.0,11103.0,10890.0,1332.0,86000US33305,126193.0,7.34,888.0,No
33306,3124.0,74.0,2930.0,2737.0,387.0,86000US33306,108452.0,6.43,201.0,No
33307,N/A,N/A,N/A,N/A,N/A,N/A,N/A,N/A,N/A,No
33308,27294.0,821.0,25478.0,23155.0,4139.0,86000US33308,98188.0,7.55,2043.0,No
33309,40844.0,18956.0,20175.0,31208.0,9636.0,86000US33309,57943.0,17.37,7044.0,No
33310,N/A,N/A,N/A,N/A,N/A,N/A,N/A,N/A,N/A,No
33311,76073.0,64327.0,10715.0,71587.0,4486.0,86000US33311,41071.0,30.56,23019.0,No
33312,55298.0,17501.0,34083.0,37564.0,17734.0,86000US33312,60772.0,15.82,8618.0,No
33313,62842.0,50026.0,10972.0,56661.0,6181.0,86000US33313,44563.0,20.55,12786.0,No
33314,27261.0,4081.0,18231.0,13846.0,13415.0,86000US33314,53950.0,19.55,5105.0,No
33315,13801.0,956.0,11989.0,10549.0,3252.0,86000US33315,85047.0,13.32,1831.0,No
33316,9736.0,947.0,8323.0,8125.0,1611.0,86000US33316,106201.0,12.69,1210.0,No
33317,38427.0,10854.0,25078.0,25966.0,12461.0,86000US33317,76221.0,14.65,5616.0,No
33318,N/A,N/A,N/A,N/A,N/A,N/A,N/A,N/A,N/A,No
33319,46786.0,29216.0,16329.0,38536.0,8250.0,86000US33319,54466.0,14.6,6804.0,No
33320,N/A,N/A,N/A,N/A,N/A,N/A,N/A,N/A,N/A,No
33321,47413.0,13127.0,31163.0,32408.0,15005.0,86000US33321,58972.0,11.81,5560.0,No
33322,39097.0,8282.0,28167.0,25930.0,13167.0,86000US33322,73510.0,10.48,4093.0,No
33323,21651.0,4251.0,16051.0,14191.0,7460.0,86000US33323,103806.0,3.4,734.0,No
33324,49045.0,8533.0,36510.0,33979.0,15066.0,86000US33324,76828.0,9.44,4619.0,No
33325,29369.0,2323.0,24453.0,16757.0,12612.0,86000US33325,89604.0,7.47,2191.0,No
33326,33155.0,2042.0,28439.0,15810.0,17345.0,86000US33326,101440.0,6.85,2269.0,No
33327,23811.0,829.0,20829.0,10820.0,12991.0,86000US33327,120806.0,7.4,1762.0,No
33328,29626.0,2171.0,24197.0,21741.0,7885.0,86000US33328,108851.0,8.42,2474.0,No
33329,N/A,N/A,N/A,N/A,N/A,N/A,N/A,N/A,N/A,No
33330,15793.0,1465.0,12399.0,10394.0,5399.0,86000US33330,143066.0,5.85,921.0,No
33331,25718.0,2350.0,21488.0,15044.0,10674.0,86000US33331,127193.0,3.38,869.0,No
33332,11622.0,849.0,9781.0,6157.0,5465.0,86000US33332,148153.0,3.9,452.0,No
33334,29494.0,5144.0,22653.0,19751.0,9743.0,86000US33334,61776.0,17.15,5051.0,No
33335,N/A,N/A,N/A,N/A,N/A,N/A,N/A,N/A,N/A,No
33336,N/A,N/A,N/A,N/A,N/A,N/A,N/A,N/A,N/A,No
33337,N/A,N/A,N/A,N/A,N/A,N/A,N/A,N/A,N/A,No
33338,N/A,N/A,N/A,N/A,N/A,N/A,N/A,N/A,N/A,No
33339,N/A,N/A,N/A,N/A,N/A,N/A,N/A,N/A,N/A,No
33340,N/A,N/A,N/A,N/A,N/A,N/A,N/A,N/A,N/A,No
33345,N/A,N/A,N/A,N/A,N/A,N/A,N/A,N/A,N/A,No
33346,N/A,N/A,N/A,N/A,N/A,N/A,N/A,N/A,N/A,No
33348,N/A,N/A,N/A,N/A,N/A,N/A,N/A,N/A,N/A,No
33349,N/A,N/A,N/A,N/A,N/A,N/A,N/A,N/A,N/A,No
33351,35769.0,15047.0,18662.0,25348.0,10421.0,86000US33351,65297.0,12.47,4385.0,No
33355,N/A,N/A,N/A,N/A,N/A,N/A,N/A,N/A,N/A,No
33359,N/A,N/A,N/A,N/A,N/A,N/A,N/A,N/A,N/A,No
33388,N/A,N/A,N/A,N/A,N/A,N/A,N/A,N/A,N/A,No
33394,N/A,N/A,N/A,N/A,N/A,N/A,N/A,N/A,N/A,No
33401,28687.0,11538.0,16045.0,24124.0,4563.0,86000US33401,65106.0,17.3,4674.0,No
33402,N/A,N/A,N/A,N/A,N/A,N/A,N/A,N/A,N/A,No
33403,12794.0,6212.0,6569.0,11591.0,1203.0,86000US33403,67172.0,14.69,1877.0,No
33404,29339.0,20880.0,8352.0,28020.0,1319.0,86000US33404,49577.0,23.93,6994.0,No
33405,20633.0,1458.0,18217.0,9242.0,11391.0,86000US33405,69838.0,19.31,3971.0,No
33406,27585.0,3553.0,22850.0,13508.0,14077.0,86000US33406,67214.0,9.01,2334.0,No
33407,31551.0,19584.0,10376.0,26060.0,5491.0,86000US33407,50842.0,23.3,7245.0,No
33408,18207.0,491.0,17169.0,16426.0,1781.0,86000US33408,111875.0,6.34,1155.0,No
33409,33212.0,12732.0,18243.0,21920.0,11292.0,86000US33409,50200.0,20.36,6597.0,No
33410,35089.0,2179.0,30851.0,30482.0,4607.0,86000US33410,101540.0,7.71,2673.0,No
33411,72546.0,17854.0,49984.0,56716.0,15830.0,86000US33411,87086.0,7.38,5273.0,No
33412,15472.0,2288.0,12335.0,13870.0,1602.0,86000US33412,105746.0,5.61,866.0,No
33413,17487.0,5381.0,11391.0,11253.0,6234.0,86000US33413,68909.0,10.08,1757.0,No
33414,61323.0,9431.0,48585.0,45633.0,15690.0,86000US33414,96694.0,6.93,4241.0,No
33415,51791.0,11489.0,38392.0,23137.0,28654.0,86000US33415,49070.0,19.52,10012.0,No
33416,N/A,N/A,N/A,N/A,N/A,N/A,N/A,N/A,N/A,No
33417,33743.0,12917.0,20154.0,24458.0,9285.0,86000US33417,49123.0,20.62,6937.0,No
33418,40926.0,2925.0,35956.0,36294.0,4632.0,86000US33418,117151.0,6.04,2452.0,No
33419,N/A,N/A,N/A,N/A,N/A,N/A,N/A,N/A,N/A,No
33420,N/A,N/A,N/A,N/A,N/A,N/A,N/A,N/A,N/A,No
33421,N/A,N/A,N/A,N/A,N/A,N/A,N/A,N/A,N/A,No
33422,N/A,N/A,N/A,N/A,N/A,N/A,N/A,N/A,N/A,No
33424,N/A,N/A,N/A,N/A,N/A,N/A,N/A,N/A,N/A,No
33425,N/A,N/A,N/A,N/A,N/A,N/A,N/A,N/A,N/A,No
33426,23866.0,4824.0,18260.0,19560.0,4306.0,86000US33426,67447.0,8.89,2108.0,No
33427,N/A,N/A,N/A,N/A,N/A,N/A,N/A,N/A,N/A,No
33428,41441.0,3289.0,35826.0,31970.0,9471.0,86000US33428,83680.0,10.39,4292.0,No
33429,N/A,N/A,N/A,N/A,N/A,N/A,N/A,N/A,N/A,No
33430,23172.0,13580.0,8928.0,15383.0,7789.0,86000US33430,32392.0,41.78,9368.0,No
33431,21610.0,1460.0,18865.0,18106.0,3504.0,86000US33431,116021.0,8.5,1602.0,No
33432,20487.0,1154.0,18284.0,17519.0,2968.0,86000US33432,111719.0,10.7,2192.0,No
33433,40257.0,1176.0,36011.0,33398.0,6859.0,86000US33433,88015.0,8.38,3323.0,No
33434,20486.0,836.0,18143.0,17665.0,2821.0,86000US33434,98813.0,6.63,1356.0,No
33435,36166.0,14216.0,20774.0,31331.0,4835.0,86000US33435,62492.0,16.95,6100.0,No
33436,44489.0,10428.0,32031.0,36490.0,7999.0,86000US33436,74680.0,9.42,4163.0,No
33437,38152.0,4857.0,32881.0,34445.0,3707.0,86000US33437,79953.0,5.79,2201.0,No
33438,367.0,39.0,319.0,166.0,201.0,86000US33438,56250.0,4.63,17.0,No
33439,N/A,N/A,N/A,N/A,N/A,N/A,N/A,N/A,N/A,No
33440,19761.0,3889.0,14472.0,9832.0,9929.0,86000US33440,48678.0,28.65,5628.0,No
33441,27323.0,9203.0,16832.0,23620.0,3703.0,86000US33441,55036.0,16.55,4506.0,No
33442,28964.0,3111.0,24742.0,23710.0,5254.0,86000US33442,65732.0,10.77,3093.0,No
33443,N/A,N/A,N/A,N/A,N/A,N/A,N/A,N/A,N/A,No
33444,24597.0,11742.0,11579.0,21906.0,2691.0,86000US33444,61806.0,15.11,3697.0,No
33445,31703.0,7973.0,22251.0,27956.0,3747.0,86000US33445,70997.0,10.23,3216.0,No
33446,26006.0,1079.0,23487.0,23147.0,2859.0,86000US33446,86661.0,9.62,2501.0,No
33447,N/A,N/A,N/A,N/A,N/A,N/A,N/A,N/A,N/A,No
33448,N/A,N/A,N/A,N/A,N/A,N/A,N/A,N/A,N/A,No
33454,N/A,N/A,N/A,N/A,N/A,N/A,N/A,N/A,N/A,No
33455,22200.0,1470.0,20168.0,20913.0,1287.0,86000US33455,79258.0,10.48,2303.0,No
33458,58714.0,2734.0,52728.0,48550.0,10164.0,86000US33458,104681.0,8.62,5007.0,No
33459,N/A,N/A,N/A,N/A,N/A,N/A,N/A,N/A,N/A,No
33460,32573.0,6583.0,24435.0,17535.0,15038.0,86000US33460,46700.0,24.2,7747.0,No
33461,47735.0,9906.0,35371.0,22403.0,25332.0,86000US33461,47457.0,19.75,9374.0,No
33462,33241.0,7021.0,25354.0,24674.0,8567.0,86000US33462,63067.0,14.43,4758.0,No
33463,63577.0,18451.0,40076.0,41861.0,21716.0,86000US33463,58693.0,14.42,9096.0,No
33464,N/A,N/A,N/A,N/A,N/A,N/A,N/A,N/A,N/A,No
33465,N/A,N/A,N/A,N/A,N/A,N/A,N/A,N/A,N/A,No
33466,N/A,N/A,N/A,N/A,N/A,N/A,N/A,N/A,N/A,No
33467,54261.0,5422.0,46479.0,43415.0,10846.0,86000US33467,88627.0,6.86,3718.0,No
33468,N/A,N/A,N/A,N/A,N/A,N/A,N/A,N/A,N/A,No
33469,14924.0,107.0,14413.0,13850.0,1074.0,86000US33469,105817.0,6.34,945.0,No
33470,27317.0,3406.0,22872.0,20689.0,6628.0,86000US33470,94490.0,9.78,2668.0,No
33471,6866.0,1688.0,5118.0,5173.0,1693.0,86000US33471,50972.0,20.63,1164.0,No
33474,N/A,N/A,N/A,N/A,N/A,N/A,N/A,N/A,N/A,No
33475,N/A,N/A,N/A,N/A,N/A,N/A,N/A,N/A,N/A,No
33476,8513.0,5691.0,2375.0,6588.0,1925.0,86000US33476,30458.0,43.0,3472.0,No
33477,12608.0,150.0,12285.0,11868.0,740.0,86000US33477,112944.0,6.38,803.0,No
33478,14067.0,219.0,13655.0,12808.0,1259.0,86000US33478,115594.0,3.42,480.0,No
33480,10031.0,90.0,9589.0,9513.0,518.0,86000US33480,193750.0,5.81,583.0,No
33481,N/A,N/A,N/A,N/A,N/A,N/A,N/A,N/A,N/A,No
33482,N/A,N/A,N/A,N/A,N/A,N/A,N/A,N/A,N/A,No
33483,12703.0,722.0,11811.0,12240.0,463.0,86000US33483,121838.0,7.93,1005.0,No
33484,26299.0,2128.0,23315.0,23870.0,2429.0,86000US33484,63219.0,8.45,2189.0,No
33486,23325.0,1035.0,20110.0,19756.0,3569.0,86000US33486,112719.0,11.55,2660.0,No
33487,20677.0,844.0,18789.0,18180.0,2497.0,86000US33487,98919.0,7.67,1585.0,No
33488,N/A,N/A,N/A,N/A,N/A,N/A,N/A,N/A,N/A,No
33493,5532.0,2997.0,2381.0,4241.0,1291.0,86000US33493,41518.0,30.48,510.0,No
33496,22530.0,712.0,20759.0,19394.0,3136.0,86000US33496,136283.0,6.3,1416.0,No
33497,N/A,N/A,N/A,N/A,N/A,N/A,N/A,N/A,N/A,No
33498,15150.0,370.0,13370.0,12600.0,2550.0,86000US33498,121316.0,4.95,749.0,No
33499,N/A,N/A,N/A,N/A,N/A,N/A,N/A,N/A,N/A,No
33503,162.0,0.0,130.0,122.0,40.0,86000US33503,N/A,9.88,16.0,No
33508,N/A,N/A,N/A,N/A,N/A,N/A,N/A,N/A,N/A,No
33509,N/A,N/A,N/A,N/A,N/A,N/A,N/A,N/A,N/A,No
33510,29574.0,5784.0,21314.0,21386.0,8188.0,86000US33510,66282.0,10.77,3159.0,No
33511,58833.0,11627.0,43145.0,43448.0,15385.0,86000US33511,66996.0,10.48,6100.0,No
33513,12713.0,1321.0,10923.0,11021.0,1692.0,86000US33513,48199.0,15.97,1669.0,No
33514,2717.0,526.0,2515.0,2365.0,352.0,86000US33514,52778.0,10.39,280.0,No
33521,557.0,320.0,221.0,524.0,33.0,86000US33521,42000.0,10.95,61.0,No
33523,18835.0,2049.0,16345.0,14080.0,4755.0,86000US33523,54123.0,16.47,3075.0,No
33524,N/A,N/A,N/A,N/A,N/A,N/A,N/A,N/A,N/A,No
33525,20576.0,1563.0,18285.0,17368.0,3208.0,86000US33525,62439.0,15.47,2976.0,No
33526,N/A,N/A,N/A,N/A,N/A,N/A,N/A,N/A,N/A,No
33527,15092.0,791.0,12800.0,10597.0,4495.0,86000US33527,73136.0,21.55,3242.0,No
33530,N/A,N/A,N/A,N/A,N/A,N/A,N/A,N/A,N/A,No
33534,17123.0,3290.0,12377.0,10972.0,6151.0,86000US33534,64640.0,19.92,3396.0,No
33537,N/A,N/A,N/A,N/A,N/A,N/A,N/A,N/A,N/A,No
33538,4728.0,54.0,4574.0,4556.0,172.0,86000US33538,49648.0,17.75,836.0,No
33539,N/A,N/A,N/A,N/A,N/A,N/A,N/A,N/A,N/A,No
33540,8652.0,209.0,8312.0,7579.0,1073.0,86000US33540,53646.0,20.37,1738.0,No
33541,21612.0,1854.0,19004.0,19412.0,2200.0,86000US33541,51066.0,17.17,3593.0,No
33542,22057.0,991.0,20546.0,18920.0,3137.0,86000US33542,45793.0,18.25,3968.0,No
33543,28156.0,3434.0,22496.0,22021.0,6135.0,86000US33543,93199.0,8.21,2303.0,No
33544,28187.0,2884.0,23665.0,21939.0,6248.0,86000US33544,89679.0,5.18,1447.0,No
33547,25907.0,1792.0,22925.0,22414.0,3493.0,86000US33547,118833.0,6.01,1542.0,No
33548,7222.0,509.0,6481.0,6140.0,1082.0,86000US33548,126784.0,5.22,377.0,No
33549,17998.0,1192.0,15257.0,14642.0,3356.0,86000US33549,88082.0,7.3,1306.0,No
33550,N/A,N/A,N/A,N/A,N/A,N/A,N/A,N/A,N/A,No
33556,23182.0,1623.0,20179.0,20263.0,2919.0,86000US33556,116552.0,4.51,1045.0,No
33558,24248.0,1596.0,21301.0,19569.0,4679.0,86000US33558,112988.0,4.64,1122.0,No
33559,18473.0,2587.0,14596.0,14786.0,3687.0,86000US33559,81485.0,11.28,2066.0,No
33563,28033.0,5396.0,19071.0,17416.0,10617.0,86000US33563,53672.0,18.11,5042.0,No
33564,N/A,N/A,N/A,N/A,N/A,N/A,N/A,N/A,N/A,No
33565,17864.0,426.0,16107.0,14247.0,3617.0,86000US33565,63750.0,15.91,2829.0,No
33566,21505.0,1007.0,18809.0,15322.0,6183.0,86000US33566,76492.0,11.21,2394.0,No
33567,12195.0,1264.0,9756.0,8201.0,3994.0,86000US33567,65859.0,18.3,2230.0,No
33568,N/A,N/A,N/A,N/A,N/A,N/A,N/A,N/A,N/A,No
33569,28442.0,4373.0,21533.0,22214.0,6228.0,86000US33569,81926.0,9.66,2733.0,No
33570,29967.0,4211.0,20654.0,18017.0,11950.0,86000US33570,59730.0,18.83,5616.0,No
33571,N/A,N/A,N/A,N/A,N/A,N/A,N/A,N/A,N/A,No
33572,20380.0,1635.0,17290.0,17257.0,3123.0,86000US33572,104277.0,6.52,1327.0,No
33573,23170.0,1802.0,20946.0,21625.0,1545.0,86000US33573,68279.0,8.55,1949.0,No
33574,N/A,N/A,N/A,N/A,N/A,N/A,N/A,N/A,N/A,No
33575,N/A,N/A,N/A,N/A,N/A,N/A,N/A,N/A,N/A,No
33576,4543.0,122.0,4399.0,4250.0,293.0,86000US33576,76324.0,8.51,383.0,No
33583,N/A,N/A,N/A,N/A,N/A,N/A,N/A,N/A,N/A,No
33584,26798.0,4373.0,21262.0,20910.0,5888.0,86000US33584,72113.0,14.85,3949.0,No
33585,1133.0,54.0,1015.0,1041.0,92.0,86000US33585,63705.0,4.03,45.0,No
33586,N/A,N/A,N/A,N/A,N/A,N/A,N/A,N/A,N/A,No
33587,N/A,N/A,N/A,N/A,N/A,N/A,N/A,N/A,N/A,No
33592,11546.0,1731.0,9673.0,10386.0,1160.0,86000US33592,55292.0,17.1,1957.0,No
33593,N/A,N/A,N/A,N/A,N/A,N/A,N/A,N/A,N/A,No
33594,34941.0,4685.0,27637.0,26619.0,8322.0,86000US33594,74306.0,8.68,3029.0,No
33595,N/A,N/A,N/A,N/A,N/A,N/A,N/A,N/A,N/A,No
33597,7702.0,609.0,6962.0,6910.0,792.0,86000US33597,53387.0,18.89,1444.0,No
33598,20053.0,2134.0,11199.0,10205.0,9848.0,86000US33598,67648.0,15.8,3136.0,No
33601,N/A,N/A,N/A,N/A,N/A,N/A,N/A,N/A,N/A,No
33602,15586.0,3059.0,11735.0,12528.0,3058.0,86000US33602,118676.0,16.87,2610.0,No
33603,21366.0,6132.0,14735.0,14609.0,6757.0,86000US33603,58554.0,24.46,5196.0,No
33604,39604.0,11143.0,27734.0,23326.0,16278.0,86000US33604,50730.0,22.23,8744.0,No
33605,17655.0,10047.0,7459.0,12772.0,4883.0,86000US33605,30842.0,36.32,6361.0,No
33606,20576.0,1468.0,18239.0,17870.0,2706.0,86000US33606,129766.0,10.91,1872.0,No
33607,24384.0,6613.0,16357.0,12949.0,11435.0,86000US33607,54605.0,22.32,5435.0,No
33608,N/A,N/A,N/A,N/A,N/A,N/A,N/A,N/A,N/A,No
33609,18367.0,814.0,16480.0,13493.0,4874.0,86000US33609,110109.0,12.64,2318.0,No
33610,46799.0,27571.0,17696.0,36923.0,9876.0,86000US33610,42122.0,25.65,11885.0,No
33611,33070.0,2510.0,28751.0,27555.0,5515.0,86000US33611,97317.0,9.15,2998.0,No
33612,51745.0,17917.0,30746.0,32357.0,19388.0,86000US33612,41617.0,29.72,15267.0,No
33613,36270.0,7643.0,24420.0,24132.0,12138.0,86000US33613,44956.0,29.3,10389.0,No
33614,49060.0,7487.0,38273.0,16302.0,32758.0,86000US33614,44049.0,19.6,9495.0,No
33615,47512.0,5778.0,38073.0,22954.0,24558.0,86000US33615,55415.0,14.62,6912.0,No
33616,16781.0,2673.0,13137.0,14115.0,2666.0,86000US33616,81098.0,14.97,2500.0,No
33617,47441.0,19137.0,26198.0,35550.0,11891.0,86000US33617,45611.0,23.32,10858.0,No
33618,27352.0,2327.0,23178.0,19676.0,7676.0,86000US33618,96310.0,6.87,1865.0,No
33619,40092.0,16422.0,20308.0,25543.0,14549.0,86000US33619,44698.0,21.52,8072.0,No
33620,5318.0,882.0,4084.0,4398.0,920.0,86000US33620,N/A,100.0,11.0,No
33621,2751.0,891.0,1864.0,2268.0,483.0,86000US33621,72604.0,2.61,63.0,No
33622,N/A,N/A,N/A,N/A,N/A,N/A,N/A,N/A,N/A,No
33623,N/A,N/A,N/A,N/A,N/A,N/A,N/A,N/A,N/A,No
33624,39803.0,4090.0,33066.0,25981.0,13822.0,86000US33624,80283.0,7.85,3109.0,No
33625,27305.0,3785.0,21846.0,18117.0,9188.0,86000US33625,75513.0,10.85,2960.0,No
33626,30743.0,1547.0,25786.0,25226.0,5517.0,86000US33626,123539.0,4.1,1260.0,No
33629,27061.0,476.0,25553.0,23926.0,3135.0,86000US33629,163491.0,4.55,1226.0,No
33630,N/A,N/A,N/A,N/A,N/A,N/A,N/A,N/A,N/A,No
33631,N/A,N/A,N/A,N/A,N/A,N/A,N/A,N/A,N/A,No
33633,N/A,N/A,N/A,N/A,N/A,N/A,N/A,N/A,N/A,No
33634,22719.0,4057.0,17188.0,11092.0,11627.0,86000US33634,62564.0,16.58,3762.0,No
33635,18650.0,1718.0,15304.0,12608.0,6042.0,86000US33635,74282.0,16.61,3096.0,No
33637,17555.0,4717.0,11695.0,13798.0,3757.0,86000US33637,61167.0,15.43,2702.0,No
33647,71004.0,13306.0,46216.0,59158.0,11846.0,86000US33647,106075.0,8.34,5903.0,No
33650,N/A,N/A,N/A,N/A,N/A,N/A,N/A,N/A,N/A,No
33651,N/A,N/A,N/A,N/A,N/A,N/A,N/A,N/A,N/A,No
33655,N/A,N/A,N/A,N/A,N/A,N/A,N/A,N/A,N/A,No
33660,N/A,N/A,N/A,N/A,N/A,N/A,N/A,N/A,N/A,No
33661,N/A,N/A,N/A,N/A,N/A,N/A,N/A,N/A,N/A,No
33662,N/A,N/A,N/A,N/A,N/A,N/A,N/A,N/A,N/A,No
33663,N/A,N/A,N/A,N/A,N/A,N/A,N/A,N/A,N/A,No
33664,N/A,N/A,N/A,N/A,N/A,N/A,N/A,N/A,N/A,No
33672,N/A,N/A,N/A,N/A,N/A,N/A,N/A,N/A,N/A,No
33673,N/A,N/A,N/A,N/A,N/A,N/A,N/A,N/A,N/A,No
33674,N/A,N/A,N/A,N/A,N/A,N/A,N/A,N/A,N/A,No
33675,N/A,N/A,N/A,N/A,N/A,N/A,N/A,N/A,N/A,No
33677,N/A,N/A,N/A,N/A,N/A,N/A,N/A,N/A,N/A,No
33679,N/A,N/A,N/A,N/A,N/A,N/A,N/A,N/A,N/A,No
33680,N/A,N/A,N/A,N/A,N/A,N/A,N/A,N/A,N/A,No
33681,N/A,N/A,N/A,N/A,N/A,N/A,N/A,N/A,N/A,No
33682,N/A,N/A,N/A,N/A,N/A,N/A,N/A,N/A,N/A,No
33684,N/A,N/A,N/A,N/A,N/A,N/A,N/A,N/A,N/A,No
33685,N/A,N/A,N/A,N/A,N/A,N/A,N/A,N/A,N/A,No
33686,N/A,N/A,N/A,N/A,N/A,N/A,N/A,N/A,N/A,No
33687,N/A,N/A,N/A,N/A,N/A,N/A,N/A,N/A,N/A,No
33688,N/A,N/A,N/A,N/A,N/A,N/A,N/A,N/A,N/A,No
33689,N/A,N/A,N/A,N/A,N/A,N/A,N/A,N/A,N/A,No
33690,N/A,N/A,N/A,N/A,N/A,N/A,N/A,N/A,N/A,No
33694,N/A,N/A,N/A,N/A,N/A,N/A,N/A,N/A,N/A,No
33697,N/A,N/A,N/A,N/A,N/A,N/A,N/A,N/A,N/A,No
33701,15728.0,2985.0,12834.0,14498.0,1230.0,86000US33701,90878.0,17.16,2545.0,No
33702,32019.0,3846.0,26898.0,29479.0,2540.0,86000US33702,73283.0,10.81,3409.0,No
33703,25699.0,1278.0,23662.0,23397.0,2302.0,86000US33703,97596.0,7.55,1929.0,No
33704,16982.0,618.0,16105.0,15809.0,1173.0,86000US33704,124757.0,7.13,1203.0,No
33705,28857.0,15943.0,12758.0,27394.0,1463.0,86000US33705,65873.0,22.72,6485.0,No
33706,16321.0,218.0,15595.0,15428.0,893.0,86000US33706,102708.0,6.58,1073.0,No
33707,24767.0,2072.0,22270.0,23149.0,1618.0,86000US33707,69233.0,10.92,2655.0,No
33708,16083.0,268.0,15547.0,15137.0,946.0,86000US33708,83996.0,9.38,1507.0,No
33709,24619.0,1565.0,21002.0,22122.0,2497.0,86000US33709,56933.0,14.68,3533.0,No
33710,34222.0,2802.0,30616.0,30558.0,3664.0,86000US33710,77995.0,8.65,2935.0,No
33711,19706.0,10460.0,8973.0,18536.0,1170.0,86000US33711,60061.0,17.2,3102.0,No
33712,24738.0,17264.0,7113.0,23686.0,1052.0,86000US33712,55407.0,19.29,4710.0,No
33713,32348.0,3688.0,25481.0,28840.0,3508.0,86000US33713,69638.0,13.17,4227.0,No
33714,21866.0,3443.0,16845.0,19591.0,2275.0,86000US33714,44471.0,22.87,4978.0,No
33715,7296.0,65.0,7114.0,6985.0,311.0,86000US33715,105607.0,5.25,383.0,No
33716,18242.0,3309.0,13883.0,15939.0,2303.0,86000US33716,79207.0,13.93,2498.0,No
33729,N/A,N/A,N/A,N/A,N/A,N/A,N/A,N/A,N/A,No
33730,N/A,N/A,N/A,N/A,N/A,N/A,N/A,N/A,N/A,No
33731,N/A,N/A,N/A,N/A,N/A,N/A,N/A,N/A,N/A,No
33732,N/A,N/A,N/A,N/A,N/A,N/A,N/A,N/A,N/A,No
33733,N/A,N/A,N/A,N/A,N/A,N/A,N/A,N/A,N/A,No
33734,N/A,N/A,N/A,N/A,N/A,N/A,N/A,N/A,N/A,No
33736,N/A,N/A,N/A,N/A,N/A,N/A,N/A,N/A,N/A,No
33737,N/A,N/A,N/A,N/A,N/A,N/A,N/A,N/A,N/A,No
33738,N/A,N/A,N/A,N/A,N/A,N/A,N/A,N/A,N/A,No
33740,N/A,N/A,N/A,N/A,N/A,N/A,N/A,N/A,N/A,No
33741,N/A,N/A,N/A,N/A,N/A,N/A,N/A,N/A,N/A,No
33742,N/A,N/A,N/A,N/A,N/A,N/A,N/A,N/A,N/A,No
33743,N/A,N/A,N/A,N/A,N/A,N/A,N/A,N/A,N/A,No
33744,122.0,34.0,88.0,111.0,11.0,86000US33744,N/A,83.58,56.0,No
33747,N/A,N/A,N/A,N/A,N/A,N/A,N/A,N/A,N/A,No
33755,26616.0,6782.0,18999.0,20648.0,5968.0,86000US33755,45884.0,23.76,6300.0,No
33756,33971.0,4981.0,28038.0,28410.0,5561.0,86000US33756,61314.0,18.39,6124.0,No
33757,N/A,N/A,N/A,N/A,N/A,N/A,N/A,N/A,N/A,No
33758,N/A,N/A,N/A,N/A,N/A,N/A,N/A,N/A,N/A,No
33759,18236.0,1457.0,16347.0,15072.0,3164.0,86000US33759,75554.0,10.78,1927.0,No
33760,17336.0,3175.0,12634.0,14081.0,3255.0,86000US33760,55985.0,18.91,3191.0,No
33761,19794.0,728.0,18236.0,18098.0,1696.0,86000US33761,77270.0,8.32,1636.0,No
33762,8355.0,1164.0,6768.0,7547.0,808.0,86000US33762,98681.0,14.39,906.0,No
33763,19730.0,1080.0,18136.0,16828.0,2902.0,86000US33763,61490.0,11.3,2209.0,No
33764,27320.0,1435.0,24653.0,25141.0,2179.0,86000US33764,74711.0,9.79,2656.0,No
33765,14744.0,1433.0,12735.0,11330.0,3414.0,86000US33765,66250.0,15.07,2199.0,No
33766,N/A,N/A,N/A,N/A,N/A,N/A,N/A,N/A,N/A,No
33767,7452.0,147.0,7075.0,7092.0,360.0,86000US33767,110833.0,11.04,823.0,No
33769,N/A,N/A,N/A,N/A,N/A,N/A,N/A,N/A,N/A,No
33770,26627.0,1956.0,24147.0,24323.0,2304.0,86000US33770,62366.0,14.05,3716.0,No
33771,30365.0,2009.0,27573.0,25427.0,4938.0,86000US33771,52327.0,11.32,3361.0,No
33772,23125.0,697.0,21861.0,21137.0,1988.0,86000US33772,71237.0,9.37,2133.0,No
33773,17595.0,627.0,15302.0,16453.0,1142.0,86000US33773,74461.0,10.45,1820.0,No
33774,18097.0,1695.0,16279.0,17065.0,1032.0,86000US33774,70613.0,13.28,2391.0,No
33775,N/A,N/A,N/A,N/A,N/A,N/A,N/A,N/A,N/A,No
33776,13573.0,291.0,12949.0,13053.0,520.0,86000US33776,95840.0,3.17,429.0,No
33777,16748.0,929.0,15481.0,15672.0,1076.0,86000US33777,85602.0,8.45,1387.0,No
33778,14582.0,1837.0,12321.0,13570.0,1012.0,86000US33778,70732.0,10.24,1481.0,No
33779,N/A,N/A,N/A,N/A,N/A,N/A,N/A,N/A,N/A,No
33780,N/A,N/A,N/A,N/A,N/A,N/A,N/A,N/A,N/A,No
33781,24856.0,2209.0,20102.0,21103.0,3753.0,86000US33781,54043.0,17.36,4286.0,No
33782,23443.0,1911.0,19853.0,21022.0,2421.0,86000US33782,65755.0,9.86,2283.0,No
33784,N/A,N/A,N/A,N/A,N/A,N/A,N/A,N/A,N/A,No
33785,5432.0,39.0,5322.0,5251.0,181.0,86000US33785,105375.0,10.38,564.0,No
33786,1565.0,38.0,1502.0,1433.0,132.0,86000US33786,124500.0,8.69,136.0,No
33801,34370.0,5735.0,27185.0,27825.0,6545.0,86000US33801,43914.0,28.3,8934.0,No
33802,N/A,N/A,N/A,N/A,N/A,N/A,N/A,N/A,N/A,No
33803,29460.0,2641.0,25569.0,25024.0,4436.0,86000US33803,60627.0,10.68,3114.0,No
33804,N/A,N/A,N/A,N/A,N/A,N/A,N/A,N/A,N/A,No
33805,25529.0,10128.0,13536.0,20657.0,4872.0,86000US33805,39460.0,30.67,7667.0,No
33806,N/A,N/A,N/A,N/A,N/A,N/A,N/A,N/A,N/A,No
33807,N/A,N/A,N/A,N/A,N/A,N/A,N/A,N/A,N/A,No
33809,30347.0,3256.0,25846.0,25944.0,4403.0,86000US33809,64392.0,11.64,3495.0,No
33810,51139.0,8379.0,41251.0,42928.0,8211.0,86000US33810,63522.0,12.72,6432.0,No
33811,22293.0,1907.0,19643.0,18725.0,3568.0,86000US33811,73892.0,8.69,1935.0,No
33812,12998.0,1194.0,11060.0,11426.0,1572.0,86000US33812,91094.0,4.95,640.0,No
33813,38214.0,2067.0,34529.0,32716.0,5498.0,86000US33813,92760.0,3.81,1451.0,No
33815,15148.0,4161.0,8810.0,10135.0,5013.0,86000US33815,41558.0,22.86,3450.0,No
33820,N/A,N/A,N/A,N/A,N/A,N/A,N/A,N/A,N/A,No
33823,33615.0,3639.0,29319.0,28122.0,5493.0,86000US33823,56367.0,18.61,6206.0,No
33825,26420.0,5216.0,18120.0,20129.0,6291.0,86000US33825,47460.0,24.95,6083.0,No
33826,N/A,N/A,N/A,N/A,N/A,N/A,N/A,N/A,N/A,No
33827,3062.0,287.0,2747.0,2831.0,231.0,86000US33827,64415.0,13.96,390.0,No
33830,28884.0,6656.0,21391.0,23699.0,5185.0,86000US33830,63622.0,17.11,4824.0,No
33831,N/A,N/A,N/A,N/A,N/A,N/A,N/A,N/A,N/A,No
33834,7524.0,983.0,5525.0,4166.0,3358.0,86000US33834,53583.0,25.05,1459.0,No
33835,N/A,N/A,N/A,N/A,N/A,N/A,N/A,N/A,N/A,No
33836,N/A,N/A,N/A,N/A,N/A,N/A,N/A,N/A,N/A,No
33837,30634.0,3869.0,25347.0,20046.0,10588.0,86000US33837,63528.0,13.75,4184.0,No
33838,4358.0,1319.0,3147.0,2735.0,1623.0,86000US33838,46200.0,24.12,1051.0,No
33839,3356.0,229.0,3082.0,2515.0,841.0,86000US33839,62833.0,16.75,562.0,No
33840,N/A,N/A,N/A,N/A,N/A,N/A,N/A,N/A,N/A,No
33841,8969.0,1312.0,7112.0,6289.0,2680.0,86000US33841,56838.0,15.02,1338.0,No
33843,11032.0,1223.0,9576.0,8172.0,2860.0,86000US33843,50191.0,15.87,1536.0,No
33844,36701.0,8516.0,27205.0,21536.0,15165.0,86000US33844,45162.0,19.68,7165.0,No
33845,N/A,N/A,N/A,N/A,N/A,N/A,N/A,N/A,N/A,No
33846,N/A,N/A,N/A,N/A,N/A,N/A,N/A,N/A,N/A,No
33847,176.0,13.0,155.0,154.0,22.0,86000US33847,70208.0,15.91,28.0,No
33848,1022.0,38.0,750.0,257.0,765.0,86000US33848,56028.0,38.39,382.0,No
33849,1171.0,0.0,1025.0,1103.0,68.0,86000US33849,46211.0,28.04,318.0,No
33850,8324.0,1689.0,6047.0,7369.0,955.0,86000US33850,53623.0,19.75,1644.0,No
33851,1153.0,43.0,1087.0,828.0,325.0,86000US33851,52375.0,8.5,98.0,No
33852,21099.0,1143.0,19240.0,15681.0,5418.0,86000US33852,44947.0,22.09,4628.0,No
33853,11649.0,3376.0,8281.0,9174.0,2475.0,86000US33853,55092.0,21.57,2474.0,No
33854,294.0,27.0,267.0,130.0,164.0,86000US33854,N/A,28.23,83.0,No
33855,0.0,0.0,0.0,0.0,0.0,86000US33855,N/A,N/A,N/A,No
33856,270.0,22.0,241.0,263.0,7.0,86000US33856,30781.0,0.0,0.0,No
33857,2377.0,0.0,2158.0,1416.0,961.0,86000US33857,32617.0,31.93,759.0,No
33858,N/A,N/A,N/A,N/A,N/A,N/A,N/A,N/A,N/A,No
33859,11025.0,2017.0,9000.0,8767.0,2258.0,86000US33859,49254.0,14.72,1514.0,No
33860,26893.0,2685.0,20830.0,18516.0,8377.0,86000US33860,54316.0,15.47,4119.0,No
33862,N/A,N/A,N/A,N/A,N/A,N/A,N/A,N/A,N/A,No
33863,N/A,N/A,N/A,N/A,N/A,N/A,N/A,N/A,N/A,No
33865,958.0,95.0,863.0,461.0,497.0,86000US33865,55333.0,25.99,249.0,No
33867,327.0,0.0,327.0,277.0,50.0,86000US33867,40192.0,14.98,49.0,No
33868,12081.0,872.0,10820.0,10428.0,1653.0,86000US33868,57723.0,14.58,1514.0,No
33870,22284.0,3675.0,16986.0,18357.0,3927.0,86000US33870,43011.0,22.64,4822.0,No
33871,N/A,N/A,N/A,N/A,N/A,N/A,N/A,N/A,N/A,No
33872,15923.0,1053.0,13703.0,13776.0,2147.0,86000US33872,52725.0,10.05,1588.0,No
33873,14162.0,1034.0,11724.0,8217.0,5945.0,86000US33873,49861.0,23.47,3285.0,No
33875,11522.0,475.0,10816.0,9960.0,1562.0,86000US33875,63356.0,5.88,675.0,No
33876,4888.0,161.0,4707.0,4064.0,824.0,86000US33876,63100.0,8.43,411.0,No
33877,618.0,246.0,618.0,618.0,0.0,86000US33877,N/A,0.0,0.0,No
33880,40519.0,7626.0,31922.0,29697.0,10822.0,86000US33880,50872.0,18.77,7562.0,No
33881,34340.0,11147.0,22583.0,29439.0,4901.0,86000US33881,49479.0,22.61,7732.0,No
33882,N/A,N/A,N/A,N/A,N/A,N/A,N/A,N/A,N/A,No
33883,N/A,N/A,N/A,N/A,N/A,N/A,N/A,N/A,N/A,No
33884,32019.0,2966.0,27936.0,27773.0,4246.0,86000US33884,66582.0,9.52,2999.0,No
33885,N/A,N/A,N/A,N/A,N/A,N/A,N/A,N/A,N/A,No
33888,N/A,N/A,N/A,N/A,N/A,N/A,N/A,N/A,N/A,No
33890,4773.0,86.0,4268.0,2688.0,2085.0,86000US33890,41897.0,24.13,1146.0,No
33896,11654.0,1595.0,9470.0,7914.0,3740.0,86000US33896,60989.0,12.0,1391.0,No
33897,22752.0,2200.0,18734.0,14330.0,8422.0,86000US33897,62336.0,10.63,2414.0,No
33898,16931.0,1990.0,14702.0,14416.0,2515.0,86000US33898,47945.0,19.49,3300.0,No
33901,21364.0,4960.0,14738.0,16917.0,4447.0,86000US33901,59556.0,19.34,3922.0,No
33902,N/A,N/A,N/A,N/A,N/A,N/A,N/A,N/A,N/A,No
33903,22657.0,986.0,20981.0,19592.0,3065.0,86000US33903,57289.0,14.77,3329.0,No
33904,31086.0,972.0,29556.0,26569.0,4517.0,86000US33904,67263.0,10.56,3266.0,No
33905,37492.0,3153.0,31476.0,26897.0,10595.0,86000US33905,58616.0,14.47,5227.0,No
33906,N/A,N/A,N/A,N/A,N/A,N/A,N/A,N/A,N/A,No
33907,24429.0,2961.0,19929.0,16760.0,7669.0,86000US33907,54830.0,19.13,4586.0,No
33908,36513.0,675.0,34507.0,33149.0,3364.0,86000US33908,86094.0,11.33,4031.0,No
33909,31750.0,2620.0,27788.0,22702.0,9048.0,86000US33909,64964.0,9.81,3112.0,No
33910,N/A,N/A,N/A,N/A,N/A,N/A,N/A,N/A,N/A,No
33911,N/A,N/A,N/A,N/A,N/A,N/A,N/A,N/A,N/A,No
33912,18646.0,140.0,17331.0,17126.0,1520.0,86000US33912,93814.0,4.98,921.0,No
33913,25497.0,1405.0,22028.0,22466.0,3031.0,86000US33913,104667.0,6.17,1477.0,No
33914,38281.0,1538.0,35207.0,32013.0,6268.0,86000US33914,79206.0,8.47,3230.0,No
33915,N/A,N/A,N/A,N/A,N/A,N/A,N/A,N/A,N/A,No
33916,24907.0,9928.0,11269.0,16341.0,8566.0,86000US33916,40678.0,25.39,6279.0,No
33917,30049.0,1168.0,28573.0,27613.0,2436.0,86000US33917,63941.0,16.27,4847.0,No
33918,N/A,N/A,N/A,N/A,N/A,N/A,N/A,N/A,N/A,No
33919,30330.0,966.0,28040.0,27708.0,2622.0,86000US33919,75286.0,8.11,2452.0,No
33920,6243.0,426.0,5748.0,5642.0,601.0,86000US33920,82250.0,5.45,340.0,No
33921,813.0,156.0,670.0,773.0,40.0,86000US33921,123008.0,10.36,84.0,No
33922,4108.0,323.0,3732.0,3847.0,261.0,86000US33922,53614.0,14.05,577.0,No
33924,195.0,51.0,132.0,157.0,38.0,86000US33924,2499.0,51.79,101.0,No
33927,N/A,N/A,N/A,N/A,N/A,N/A,N/A,N/A,N/A,No
33928,25141.0,468.0,23648.0,23657.0,1484.0,86000US33928,92592.0,6.34,1592.0,No
33930,930.0,0.0,930.0,225.0,705.0,86000US33930,52957.0,18.17,169.0,No
33931,10566.0,20.0,10448.0,10348.0,218.0,86000US33931,74232.0,10.59,1117.0,No
33932,N/A,N/A,N/A,N/A,N/A,N/A,N/A,N/A,N/A,No
33935,23513.0,1934.0,21112.0,11283.0,12230.0,86000US33935,41476.0,21.54,4988.0,No
33936,24517.0,2727.0,20840.0,13334.0,11183.0,86000US33936,47151.0,25.53,6259.0,No
33938,N/A,N/A,N/A,N/A,N/A,N/A,N/A,N/A,N/A,No
33944,219.0,0.0,219.0,219.0,0.0,86000US33944,N/A,0.0,0.0,No
33945,0.0,0.0,0.0,0.0,0.0,86000US33945,N/A,N/A,N/A,No
33946,2104.0,0.0,2104.0,2092.0,12.0,86000US33946,104615.0,5.75,121.0,No
33947,9096.0,56.0,8786.0,8813.0,283.0,86000US33947,60853.0,8.04,731.0,No
33948,17122.0,1516.0,15260.0,15446.0,1676.0,86000US33948,58775.0,10.98,1863.0,No
33949,N/A,N/A,N/A,N/A,N/A,N/A,N/A,N/A,N/A,No
33950,23299.0,453.0,22342.0,21742.0,1557.0,86000US33950,77154.0,9.88,2282.0,No
33951,N/A,N/A,N/A,N/A,N/A,N/A,N/A,N/A,N/A,No
33952,33390.0,3836.0,28763.0,29483.0,3907.0,86000US33952,51793.0,18.27,6028.0,No
33953,6741.0,157.0,6398.0,6556.0,185.0,86000US33953,64637.0,9.85,664.0,No
33954,10573.0,1031.0,9181.0,9865.0,708.0,86000US33954,66420.0,7.9,821.0,No
33955,11436.0,1018.0,10110.0,10536.0,900.0,86000US33955,80545.0,9.13,912.0,No
33956,3489.0,0.0,3468.0,3489.0,0.0,86000US33956,59309.0,11.46,400.0,No
33957,7319.0,31.0,7142.0,7261.0,58.0,86000US33957,129223.0,6.65,486.0,No
33960,672.0,0.0,664.0,631.0,41.0,86000US33960,52974.0,12.35,82.0,No
33965,1735.0,290.0,1480.0,1465.0,270.0,86000US33965,N/A,N/A,N/A,No
33966,10065.0,533.0,8882.0,9125.0,940.0,86000US33966,75811.0,3.45,347.0,No
33967,25129.0,1317.0,22425.0,19443.0,5686.0,86000US33967,76114.0,16.26,4084.0,No
33970,N/A,N/A,N/A,N/A,N/A,N/A,N/A,N/A,N/A,No
33971,27941.0,7137.0,19420.0,17164.0,10777.0,86000US33971,53217.0,17.88,4972.0,No
33972,15515.0,2993.0,12780.0,11305.0,4210.0,86000US33972,61988.0,13.96,2149.0,No
33975,N/A,N/A,N/A,N/A,N/A,N/A,N/A,N/A,N/A,No
33980,13342.0,1189.0,12183.0,12802.0,540.0,86000US33980,57909.0,11.2,1463.0,No
33981,11407.0,407.0,10882.0,10695.0,712.0,86000US33981,61702.0,8.01,908.0,No
33982,10391.0,293.0,9840.0,9631.0,760.0,86000US33982,64562.0,10.17,977.0,No
33983,15100.0,1575.0,13139.0,13896.0,1204.0,86000US33983,71293.0,8.67,1295.0,No
33990,34657.0,2656.0,30767.0,27594.0,7063.0,86000US33990,68872.0,13.89,4783.0,No
33991,22516.0,895.0,21181.0,18250.0,4266.0,86000US33991,81580.0,8.11,1810.0,No
33993,27905.0,2277.0,24844.0,20563.0,7342.0,86000US33993,73355.0,11.38,3169.0,No
33994,N/A,N/A,N/A,N/A,N/A,N/A,N/A,N/A,N/A,No
34101,0.0,0.0,0.0,0.0,0.0,86000US34101,N/A,N/A,N/A,No
34102,11548.0,969.0,10437.0,10634.0,914.0,86000US34102,148700.0,11.09,1264.0,No
34103,13129.0,351.0,12661.0,12035.0,1094.0,86000US34103,129583.0,6.34,825.0,No
34104,24520.0,1080.0,22654.0,17024.0,7496.0,86000US34104,61633.0,11.92,2911.0,No
34105,18011.0,500.0,16807.0,15769.0,2242.0,86000US34105,116516.0,4.63,826.0,No
34106,N/A,N/A,N/A,N/A,N/A,N/A,N/A,N/A,N/A,No
34107,N/A,N/A,N/A,N/A,N/A,N/A,N/A,N/A,N/A,No
34108,16450.0,269.0,15985.0,15251.0,1199.0,86000US34108,136622.0,6.77,1113.0,No
34109,24251.0,741.0,22279.0,19913.0,4338.0,86000US34109,91861.0,7.64,1846.0,No
34110,23988.0,591.0,22952.0,21089.0,2899.0,86000US34110,96528.0,8.18,1951.0,No
34112,27064.0,2590.0,23953.0,21636.0,5428.0,86000US34112,71649.0,12.3,3204.0,No
34113,22175.0,3307.0,18168.0,15229.0,6946.0,86000US34113,70938.0,9.73,2126.0,No
34114,18223.0,1857.0,16217.0,14376.0,3847.0,86000US34114,67294.0,10.14,1848.0,No
34116,36111.0,4854.0,30281.0,13579.0,22532.0,86000US34116,51816.0,14.62,5264.0,No
34117,17039.0,919.0,14939.0,10282.0,6757.0,86000US34117,78205.0,7.34,1245.0,No
34119,32911.0,643.0,31594.0,28550.0,4361.0,86000US34119,101243.0,7.11,2312.0,No
34120,35498.0,2832.0,32362.0,24655.0,10843.0,86000US34120,85394.0,7.78,2758.0,No
34133,N/A,N/A,N/A,N/A,N/A,N/A,N/A,N/A,N/A,No
34134,14992.0,203.0,14165.0,14413.0,579.0,86000US34134,120542.0,4.51,671.0,No
34135,47356.0,1683.0,42987.0,34696.0,12660.0,86000US34135,77356.0,9.09,4301.0,No
34136,N/A,N/A,N/A,N/A,N/A,N/A,N/A,N/A,N/A,No
34137,651.0,0.0,651.0,627.0,24.0,86000US34137,N/A,60.52,394.0,No
34138,340.0,0.0,340.0,340.0,0.0,86000US34138,N/A,14.41,49.0,No
34139,204.0,0.0,204.0,187.0,17.0,86000US34139,80250.0,1.96,4.0,No
34140,337.0,0.0,337.0,337.0,0.0,86000US34140,N/A,37.39,126.0,No
34141,67.0,20.0,47.0,58.0,9.0,86000US34141,N/A,0.0,0.0,No
34142,30534.0,6070.0,23109.0,9650.0,20884.0,86000US34142,33345.0,34.54,10238.0,No
34143,N/A,N/A,N/A,N/A,N/A,N/A,N/A,N/A,N/A,No
34145,17834.0,24.0,17635.0,15893.0,1941.0,86000US34145,98929.0,6.03,1075.0,No
34146,N/A,N/A,N/A,N/A,N/A,N/A,N/A,N/A,N/A,No
34201,3997.0,137.0,3810.0,3830.0,167.0,86000US34201,96233.0,2.23,89.0,No
34202,24637.0,514.0,23607.0,22172.0,2465.0,86000US34202,118278.0,4.2,1032.0,No
34203,38971.0,3759.0,33411.0,29992.0,8979.0,86000US34203,64228.0,12.95,5018.0,No
34204,N/A,N/A,N/A,N/A,N/A,N/A,N/A,N/A,N/A,No
34205,32294.0,4477.0,26336.0,25576.0,6718.0,86000US34205,52819.0,19.01,6029.0,No
34206,N/A,N/A,N/A,N/A,N/A,N/A,N/A,N/A,N/A,No
34207,36292.0,2971.0,32664.0,26959.0,9333.0,86000US34207,49087.0,18.06,6500.0,No
34208,40998.0,10377.0,29138.0,28450.0,12548.0,86000US34208,55282.0,19.13,7785.0,No
34209,35172.0,1176.0,33636.0,32621.0,2551.0,86000US34209,76639.0,9.17,3161.0,No
34210,16462.0,1583.0,14302.0,14815.0,1647.0,86000US34210,57929.0,12.7,2039.0,No
34211,8898.0,439.0,8378.0,8139.0,759.0,86000US34211,130212.0,3.23,287.0,No
34212,21244.0,616.0,19341.0,18817.0,2427.0,86000US34212,110758.0,5.68,1199.0,No
34215,596.0,10.0,585.0,568.0,28.0,86000US34215,46172.0,7.41,42.0,No
34216,724.0,2.0,701.0,713.0,11.0,86000US34216,91250.0,5.52,40.0,No
34217,5079.0,19.0,4986.0,4916.0,163.0,86000US34217,90809.0,9.24,465.0,No
34218,N/A,N/A,N/A,N/A,N/A,N/A,N/A,N/A,N/A,No
34219,24750.0,1125.0,23144.0,22028.0,2722.0,86000US34219,91640.0,3.57,880.0,No
34220,N/A,N/A,N/A,N/A,N/A,N/A,N/A,N/A,N/A,No
34221,46357.0,7882.0,36765.0,37807.0,8550.0,86000US34221,67372.0,13.67,6154.0,No
34222,11659.0,453.0,10636.0,10456.0,1203.0,86000US34222,64313.0,7.54,877.0,No
34223,18336.0,7.0,17690.0,17780.0,556.0,86000US34223,70415.0,8.22,1503.0,No
34224,16422.0,236.0,16003.0,15590.0,832.0,86000US34224,56507.0,9.42,1534.0,No
34228,7283.0,0.0,7200.0,7135.0,148.0,86000US34228,144457.0,3.09,225.0,No
34229,7674.0,68.0,7512.0,6922.0,752.0,86000US34229,101439.0,6.27,481.0,No
34230,N/A,N/A,N/A,N/A,N/A,N/A,N/A,N/A,N/A,No
34231,30341.0,757.0,28612.0,27747.0,2594.0,86000US34231,71521.0,11.67,3488.0,No
34232,35240.0,678.0,33495.0,29593.0,5647.0,86000US34232,77298.0,8.67,3021.0,No
34233,17767.0,279.0,17074.0,15962.0,1805.0,86000US34233,86518.0,8.17,1432.0,No
34234,21932.0,8220.0,13620.0,18904.0,3028.0,86000US34234,45694.0,26.59,5683.0,No
34235,15303.0,927.0,14195.0,12635.0,2668.0,86000US34235,67917.0,8.3,1259.0,No
34236,13217.0,849.0,12137.0,12357.0,860.0,86000US34236,124458.0,10.88,1391.0,No
34237,18071.0,1863.0,15546.0,12123.0,5948.0,86000US34237,56226.0,12.75,2149.0,No
34238,20049.0,187.0,19419.0,18949.0,1100.0,86000US34238,107500.0,5.02,996.0,No
34239,15716.0,429.0,14667.0,14198.0,1518.0,86000US34239,78615.0,8.06,1248.0,No
34240,11442.0,178.0,10895.0,10878.0,564.0,86000US34240,103266.0,7.57,863.0,No
34241,15568.0,185.0,15100.0,14605.0,963.0,86000US34241,91882.0,5.44,844.0,No
34242,7465.0,10.0,7306.0,7363.0,102.0,86000US34242,134505.0,5.85,437.0,No
34243,31901.0,1923.0,28960.0,29036.0,2865.0,86000US34243,78180.0,8.98,2777.0,No
34250,N/A,N/A,N/A,N/A,N/A,N/A,N/A,N/A,N/A,No
34251,7115.0,69.0,6921.0,6383.0,732.0,86000US34251,78424.0,5.32,375.0,No
34260,N/A,N/A,N/A,N/A,N/A,N/A,N/A,N/A,N/A,No
34264,N/A,N/A,N/A,N/A,N/A,N/A,N/A,N/A,N/A,No
34265,N/A,N/A,N/A,N/A,N/A,N/A,N/A,N/A,N/A,No
34266,32229.0,4437.0,27138.0,20725.0,11504.0,86000US34266,39752.0,29.76,9037.0,No
34267,N/A,N/A,N/A,N/A,N/A,N/A,N/A,N/A,N/A,No
34268,157.0,157.0,0.0,157.0,0.0,86000US34268,N/A,0.0,0.0,No
34269,4517.0,169.0,4343.0,4372.0,145.0,86000US34269,53512.0,8.05,362.0,No
34270,N/A,N/A,N/A,N/A,N/A,N/A,N/A,N/A,N/A,No
34272,N/A,N/A,N/A,N/A,N/A,N/A,N/A,N/A,N/A,No
34274,N/A,N/A,N/A,N/A,N/A,N/A,N/A,N/A,N/A,No
34275,20472.0,1203.0,19322.0,19870.0,602.0,86000US34275,77842.0,7.8,1596.0,No
34276,N/A,N/A,N/A,N/A,N/A,N/A,N/A,N/A,N/A,No
34277,N/A,N/A,N/A,N/A,N/A,N/A,N/A,N/A,N/A,No
34278,N/A,N/A,N/A,N/A,N/A,N/A,N/A,N/A,N/A,No
34280,N/A,N/A,N/A,N/A,N/A,N/A,N/A,N/A,N/A,No
34281,N/A,N/A,N/A,N/A,N/A,N/A,N/A,N/A,N/A,No
34282,N/A,N/A,N/A,N/A,N/A,N/A,N/A,N/A,N/A,No
34284,N/A,N/A,N/A,N/A,N/A,N/A,N/A,N/A,N/A,No
34285,18653.0,208.0,18025.0,18147.0,506.0,86000US34285,79743.0,7.24,1329.0,No
34286,20178.0,2176.0,18648.0,18475.0,1703.0,86000US34286,72346.0,5.14,1036.0,No
34287,28614.0,1929.0,26432.0,25980.0,2634.0,86000US34287,57924.0,8.61,2446.0,No
34288,11511.0,534.0,10359.0,10285.0,1226.0,86000US34288,83387.0,15.05,1718.0,No
34289,3481.0,697.0,2754.0,3140.0,341.0,86000US34289,82617.0,6.81,237.0,No
34292,15398.0,36.0,15146.0,15266.0,132.0,86000US34292,85873.0,5.86,889.0,No
34293,39534.0,481.0,38259.0,38092.0,1442.0,86000US34293,77768.0,6.41,2531.0,No
34295,N/A,N/A,N/A,N/A,N/A,N/A,N/A,N/A,N/A,No
34420,17749.0,1091.0,16486.0,15654.0,2095.0,86000US34420,56178.0,13.05,2288.0,No
34421,N/A,N/A,N/A,N/A,N/A,N/A,N/A,N/A,N/A,No
34423,N/A,N/A,N/A,N/A,N/A,N/A,N/A,N/A,N/A,No
34428,9043.0,353.0,8684.0,8757.0,286.0,86000US34428,54910.0,24.45,2211.0,No
34429,8338.0,247.0,7860.0,8101.0,237.0,86000US34429,62619.0,15.18,1226.0,No
34430,N/A,N/A,N/A,N/A,N/A,N/A,N/A,N/A,N/A,No
34431,8002.0,360.0,7342.0,7453.0,549.0,86000US34431,49800.0,15.48,1234.0,No
34432,12673.0,996.0,11349.0,11788.0,885.0,86000US34432,53200.0,16.7,2061.0,No
34433,6574.0,197.0,6201.0,5723.0,851.0,86000US34433,59587.0,15.47,1011.0,No
34434,8021.0,922.0,7087.0,7336.0,685.0,86000US34434,51032.0,9.65,774.0,No
34436,8169.0,141.0,7940.0,7746.0,423.0,86000US34436,49520.0,15.27,1226.0,No
34442,14752.0,369.0,13210.0,14032.0,720.0,86000US34442,66442.0,12.61,1840.0,No
34445,0.0,0.0,0.0,0.0,0.0,86000US34445,N/A,N/A,N/A,No
34446,17454.0,154.0,17046.0,16563.0,891.0,86000US34446,54524.0,11.75,2042.0,No
34447,N/A,N/A,N/A,N/A,N/A,N/A,N/A,N/A,N/A,No
34448,10394.0,307.0,10202.0,10244.0,150.0,86000US34448,50708.0,15.45,1584.0,No
34449,3192.0,62.0,3135.0,3076.0,116.0,86000US34449,39301.0,26.74,846.0,No
34450,10692.0,417.0,10225.0,10104.0,588.0,86000US34450,49973.0,13.96,1484.0,No
34451,N/A,N/A,N/A,N/A,N/A,N/A,N/A,N/A,N/A,No
34452,11903.0,140.0,11507.0,11146.0,757.0,86000US34452,52849.0,17.55,2047.0,No
34453,10621.0,363.0,10001.0,9770.0,851.0,86000US34453,50179.0,20.56,2146.0,No
34460,N/A,N/A,N/A,N/A,N/A,N/A,N/A,N/A,N/A,No
34461,11380.0,705.0,10452.0,10784.0,596.0,86000US34461,59103.0,13.85,1371.0,No
34464,N/A,N/A,N/A,N/A,N/A,N/A,N/A,N/A,N/A,No
34465,17455.0,1002.0,16180.0,16227.0,1228.0,86000US34465,49872.0,18.9,3295.0,No
34470,19794.0,2963.0,16642.0,17363.0,2431.0,86000US34470,48759.0,21.2,4107.0,No
34471,25734.0,2942.0,22308.0,22492.0,3242.0,86000US34471,71297.0,12.82,3224.0,No
34472,31344.0,7462.0,22565.0,25163.0,6181.0,86000US34472,48172.0,19.92,6219.0,No
34473,19998.0,5807.0,13982.0,12840.0,7158.0,86000US34473,61402.0,9.67,1933.0,No
34474,17143.0,1528.0,14562.0,13512.0,3631.0,86000US34474,53982.0,13.59,2258.0,No
34475,13179.0,6996.0,6206.0,11488.0,1691.0,86000US34475,32632.0,43.05,4984.0,No
34476,23279.0,2169.0,19926.0,20645.0,2634.0,86000US34476,62603.0,6.96,1619.0,No
34477,N/A,N/A,N/A,N/A,N/A,N/A,N/A,N/A,N/A,No
34478,N/A,N/A,N/A,N/A,N/A,N/A,N/A,N/A,N/A,No
34479,13603.0,1520.0,11722.0,12021.0,1582.0,86000US34479,45797.0,17.18,2312.0,No
34480,19188.0,2344.0,16277.0,17004.0,2184.0,86000US34480,63797.0,11.67,2231.0,No
34481,20963.0,798.0,19737.0,18743.0,2220.0,86000US34481,57350.0,13.07,2735.0,No
34482,24352.0,4874.0,19254.0,20060.0,4292.0,86000US34482,54107.0,19.54,3589.0,No
34483,N/A,N/A,N/A,N/A,N/A,N/A,N/A,N/A,N/A,No
34484,3637.0,235.0,3354.0,3484.0,153.0,86000US34484,80658.0,7.86,286.0,No
34487,N/A,N/A,N/A,N/A,N/A,N/A,N/A,N/A,N/A,No
34488,10424.0,1205.0,9588.0,10001.0,423.0,86000US34488,46297.0,17.3,1789.0,No
34489,N/A,N/A,N/A,N/A,N/A,N/A,N/A,N/A,N/A,No
34491,26614.0,1255.0,24567.0,23755.0,2859.0,86000US34491,55480.0,12.81,3395.0,No
34492,N/A,N/A,N/A,N/A,N/A,N/A,N/A,N/A,N/A,No
34498,585.0,6.0,579.0,573.0,12.0,86000US34498,40795.0,27.32,159.0,No
34601,22487.0,2070.0,20115.0,20862.0,1625.0,86000US34601,49890.0,17.8,3933.0,No
34602,7697.0,1024.0,6588.0,7365.0,332.0,86000US34602,63810.0,17.19,1276.0,No
34603,N/A,N/A,N/A,N/A,N/A,N/A,N/A,N/A,N/A,No
34604,12608.0,789.0,11567.0,11185.0,1423.0,86000US34604,72785.0,13.72,1576.0,No
34605,N/A,N/A,N/A,N/A,N/A,N/A,N/A,N/A,N/A,No
34606,27209.0,901.0,25583.0,23122.0,4087.0,86000US34606,50338.0,18.15,4927.0,No
34607,8403.0,421.0,8045.0,7539.0,864.0,86000US34607,59428.0,16.38,1375.0,No
34608,34802.0,2377.0,30940.0,27440.0,7362.0,86000US34608,55793.0,14.65,5042.0,No
34609,42227.0,3346.0,37586.0,35331.0,6896.0,86000US34609,64442.0,10.79,4541.0,No
34610,14698.0,684.0,13868.0,13581.0,1117.0,86000US34610,66694.0,17.86,2618.0,No
34611,N/A,N/A,N/A,N/A,N/A,N/A,N/A,N/A,N/A,No
34613,17924.0,756.0,16885.0,16588.0,1336.0,86000US34613,54122.0,11.64,2081.0,No
34614,7195.0,336.0,6979.0,6574.0,621.0,86000US34614,63485.0,9.95,714.0,No
34636,N/A,N/A,N/A,N/A,N/A,N/A,N/A,N/A,N/A,No
34637,8411.0,965.0,7387.0,7361.0,1050.0,86000US34637,93571.0,4.51,262.0,No
34638,28609.0,3043.0,23614.0,21435.0,7174.0,86000US34638,100138.0,6.79,1936.0,No
34639,29395.0,1888.0,25937.0,24271.0,5124.0,86000US34639,98320.0,5.37,1568.0,No
34652,23688.0,645.0,22528.0,20636.0,3052.0,86000US34652,51243.0,16.33,3850.0,No
34653,34588.0,1825.0,32189.0,29576.0,5012.0,86000US34653,50890.0,17.24,5809.0,No
34654,22935.0,808.0,21445.0,21489.0,1446.0,86000US34654,63247.0,12.6,2880.0,No
34655,41872.0,1485.0,39218.0,38005.0,3867.0,86000US34655,79054.0,7.42,3094.0,No
34656,N/A,N/A,N/A,N/A,N/A,N/A,N/A,N/A,N/A,No
34660,N/A,N/A,N/A,N/A,N/A,N/A,N/A,N/A,N/A,No
34661,104.0,0.0,104.0,90.0,14.0,86000US34661,N/A,32.69,34.0,No
34667,33272.0,763.0,32061.0,30559.0,2713.0,86000US34667,52494.0,16.27,5317.0,No
34668,48146.0,2254.0,43898.0,41064.0,7082.0,86000US34668,46497.0,18.48,8864.0,No
34669,13304.0,505.0,12333.0,11889.0,1415.0,86000US34669,59446.0,14.66,1934.0,No
34673,N/A,N/A,N/A,N/A,N/A,N/A,N/A,N/A,N/A,No
34674,N/A,N/A,N/A,N/A,N/A,N/A,N/A,N/A,N/A,No
34677,22169.0,1034.0,19990.0,19679.0,2490.0,86000US34677,78911.0,8.86,1952.0,No
34679,43.0,0.0,43.0,43.0,0.0,86000US34679,N/A,0.0,0.0,No
34680,N/A,N/A,N/A,N/A,N/A,N/A,N/A,N/A,N/A,No
34681,730.0,2.0,730.0,662.0,68.0,86000US34681,N/A,13.7,100.0,No
34682,N/A,N/A,N/A,N/A,N/A,N/A,N/A,N/A,N/A,No
34683,33514.0,854.0,31789.0,31341.0,2173.0,86000US34683,84590.0,8.12,2713.0,No
34684,29088.0,1179.0,26668.0,26535.0,2553.0,86000US34684,68040.0,6.14,1756.0,No
34685,17998.0,581.0,16555.0,16838.0,1160.0,86000US34685,99770.0,7.97,1428.0,No
34688,7443.0,103.0,7096.0,7001.0,442.0,86000US34688,107275.0,10.68,793.0,No
34689,27445.0,2617.0,24654.0,24843.0,2602.0,86000US34689,67917.0,13.06,3528.0,No
34690,11408.0,710.0,10584.0,9882.0,1526.0,86000US34690,44278.0,19.51,2226.0,No
34691,20257.0,1600.0,18384.0,17470.0,2787.0,86000US34691,46227.0,17.99,3630.0,No
34692,N/A,N/A,N/A,N/A,N/A,N/A,N/A,N/A,N/A,No
34695,18382.0,1150.0,16593.0,17035.0,1347.0,86000US34695,95194.0,5.53,1003.0,No
34697,N/A,N/A,N/A,N/A,N/A,N/A,N/A,N/A,N/A,No
34698,38720.0,1757.0,35646.0,36730.0,1990.0,86000US34698,67243.0,9.52,3648.0,No
34705,2860.0,91.0,2741.0,2398.0,462.0,86000US34705,65139.0,14.69,420.0,No
34711,61594.0,5977.0,51577.0,49909.0,11685.0,86000US34711,80210.0,8.88,5437.0,No
34712,N/A,N/A,N/A,N/A,N/A,N/A,N/A,N/A,N/A,No
34713,N/A,N/A,N/A,N/A,N/A,N/A,N/A,N/A,N/A,No
34714,22380.0,3059.0,16905.0,14026.0,8354.0,86000US34714,55065.0,13.76,3076.0,No
34715,18241.0,2635.0,14414.0,14814.0,3427.0,86000US34715,70318.0,4.92,833.0,No
34729,N/A,N/A,N/A,N/A,N/A,N/A,N/A,N/A,N/A,No
34731,14858.0,1590.0,13424.0,14059.0,799.0,86000US34731,61105.0,13.97,2070.0,No
34734,4591.0,806.0,3461.0,3719.0,872.0,86000US34734,80729.0,3.43,157.0,No
34736,19271.0,3577.0,14490.0,15666.0,3605.0,86000US34736,66552.0,10.95,2098.0,No
34737,2942.0,88.0,2799.0,2235.0,707.0,86000US34737,80550.0,8.09,238.0,No
34739,243.0,12.0,231.0,195.0,48.0,86000US34739,N/A,21.4,52.0,No
34740,N/A,N/A,N/A,N/A,N/A,N/A,N/A,N/A,N/A,No
34741,47710.0,6224.0,35168.0,15473.0,32237.0,86000US34741,39867.0,27.72,13041.0,No
34742,N/A,N/A,N/A,N/A,N/A,N/A,N/A,N/A,N/A,No
34743,45109.0,7753.0,31807.0,11301.0,33808.0,86000US34743,49884.0,15.51,6994.0,No
34744,57134.0,6327.0,42176.0,23371.0,33763.0,86000US34744,55745.0,10.52,5956.0,No
34745,N/A,N/A,N/A,N/A,N/A,N/A,N/A,N/A,N/A,No
34746,44307.0,5032.0,36099.0,21276.0,23031.0,86000US34746,61563.0,12.39,5459.0,No
34747,21354.0,1799.0,18248.0,15753.0,5601.0,86000US34747,77097.0,10.78,2287.0,No
34748,39977.0,7487.0,31772.0,35441.0,4536.0,86000US34748,54320.0,15.7,6228.0,No
34749,N/A,N/A,N/A,N/A,N/A,N/A,N/A,N/A,N/A,No
34753,5932.0,1160.0,4709.0,3428.0,2504.0,86000US34753,41772.0,29.45,1745.0,No
34755,N/A,N/A,N/A,N/A,N/A,N/A,N/A,N/A,N/A,No
34756,3505.0,114.0,3351.0,3134.0,371.0,86000US34756,84464.0,7.48,262.0,No
34758,43143.0,11531.0,27856.0,16821.0,26322.0,86000US34758,57340.0,15.68,6759.0,No
34759,40713.0,10539.0,28431.0,19173.0,21540.0,86000US34759,53796.0,16.28,6611.0,No
34760,863.0,262.0,614.0,726.0,137.0,86000US34760,81875.0,8.92,77.0,No
34761,45864.0,9529.0,29103.0,33249.0,12615.0,86000US34761,74433.0,11.3,5152.0,No
34762,544.0,90.0,454.0,544.0,0.0,86000US34762,82846.0,2.39,13.0,No
34769,24995.0,1916.0,20685.0,16733.0,8262.0,86000US34769,51901.0,19.37,4774.0,No
34770,N/A,N/A,N/A,N/A,N/A,N/A,N/A,N/A,N/A,No
34771,21052.0,1839.0,18699.0,14957.0,6095.0,86000US34771,80376.0,4.37,918.0,No
34772,31436.0,3543.0,24299.0,18761.0,12675.0,86000US34772,74741.0,8.09,2528.0,No
34773,3728.0,136.0,3367.0,3144.0,584.0,86000US34773,71802.0,11.17,412.0,No
34777,N/A,N/A,N/A,N/A,N/A,N/A,N/A,N/A,N/A,No
34778,N/A,N/A,N/A,N/A,N/A,N/A,N/A,N/A,N/A,No
34785,38097.0,6204.0,30742.0,34774.0,3323.0,86000US34785,77121.0,7.35,2278.0,No
34786,45836.0,4924.0,37363.0,37753.0,8083.0,86000US34786,118187.0,9.02,4120.0,No
34787,69976.0,11658.0,50758.0,53443.0,16533.0,86000US34787,95636.0,9.36,6468.0,No
34788,18193.0,493.0,17190.0,16609.0,1584.0,86000US34788,54794.0,10.62,1933.0,No
34789,N/A,N/A,N/A,N/A,N/A,N/A,N/A,N/A,N/A,No
34797,1041.0,159.0,869.0,952.0,89.0,86000US34797,76500.0,9.99,104.0,No
34945,5187.0,819.0,4229.0,4322.0,865.0,86000US34945,67500.0,18.06,718.0,No
34946,6079.0,3503.0,2509.0,5638.0,441.0,86000US34946,47500.0,19.91,1206.0,No
34947,14155.0,7823.0,5969.0,11141.0,3014.0,86000US34947,36619.0,30.21,4228.0,No
34948,N/A,N/A,N/A,N/A,N/A,N/A,N/A,N/A,N/A,No
34949,7663.0,34.0,7439.0,7335.0,328.0,86000US34949,87259.0,8.64,658.0,No
34950,16603.0,9009.0,7179.0,12569.0,4034.0,86000US34950,35711.0,35.9,5897.0,No
34951,17106.0,1840.0,14810.0,15490.0,1616.0,86000US34951,57409.0,13.33,2268.0,No
34952,41567.0,5232.0,35591.0,34466.0,7101.0,86000US34952,56689.0,11.51,4720.0,No
34953,70705.0,16169.0,51191.0,54155.0,16550.0,86000US34953,65193.0,8.85,6231.0,No
34954,N/A,N/A,N/A,N/A,N/A,N/A,N/A,N/A,N/A,No
34956,10258.0,2519.0,5851.0,4966.0,5292.0,86000US34956,40694.0,26.74,2331.0,No
34957,23204.0,818.0,21942.0,21552.0,1652.0,86000US34957,76823.0,8.92,2058.0,No
34958,N/A,N/A,N/A,N/A,N/A,N/A,N/A,N/A,N/A,No
34972,20877.0,2934.0,17181.0,13287.0,7590.0,86000US34972,44611.0,23.05,4098.0,No
34973,N/A,N/A,N/A,N/A,N/A,N/A,N/A,N/A,N/A,No
34974,23952.0,989.0,21680.0,20938.0,3014.0,86000US34974,51696.0,18.92,4512.0,No
34979,N/A,N/A,N/A,N/A,N/A,N/A,N/A,N/A,N/A,No
34981,5393.0,889.0,4405.0,4404.0,989.0,86000US34981,69429.0,19.84,1061.0,No
34982,25135.0,3412.0,20346.0,19390.0,5745.0,86000US34982,51393.0,19.79,4941.0,No
34983,42818.0,7604.0,33740.0,33622.0,9196.0,86000US34983,57408.0,9.76,4170.0,No
34984,16035.0,3912.0,11314.0,12241.0,3794.0,86000US34984,79017.0,7.43,1191.0,No
34985,N/A,N/A,N/A,N/A,N/A,N/A,N/A,N/A,N/A,No
34986,28265.0,5940.0,21313.0,24161.0,4104.0,86000US34986,70857.0,10.56,2981.0,No
34987,9717.0,1931.0,7611.0,8515.0,1202.0,86000US34987,80086.0,3.98,387.0,No
34988,N/A,N/A,N/A,N/A,N/A,N/A,N/A,N/A,N/A,No
34990,29999.0,272.0,28650.0,28278.0,1721.0,86000US34990,104199.0,5.74,1714.0,No
34991,N/A,N/A,N/A,N/A,N/A,N/A,N/A,N/A,N/A,No
34992,N/A,N/A,N/A,N/A,N/A,N/A,N/A,N/A,N/A,No
34994,17800.0,2066.0,15406.0,15269.0,2531.0,86000US34994,61172.0,11.42,1946.0,No
34995,N/A,N/A,N/A,N/A,N/A,N/A,N/A,N/A,N/A,No
34996,10741.0,292.0,10151.0,9792.0,949.0,86000US34996,103525.0,7.47,801.0,No
34997,44632.0,2387.0,40400.0,36530.0,8102.0,86000US34997,68992.0,10.34,4584.0,No
